loko,0.0.0,(scheme base),ERROR,*,no parameters
loko,0.0.0,(scheme base),ERROR,*,one parameter
loko,0.0.0,(scheme base),ERROR,*,more than two parameters
loko,0.0.0,(scheme base),ERROR,+,no parameters
loko,0.0.0,(scheme base),ERROR,+,one parameter
loko,0.0.0,(scheme base),ERROR,+,more than two parameters
loko,0.0.0,(scheme base),ERROR,-,one parameter
loko,0.0.0,(scheme base),ERROR,-,more than two parameters
loko,0.0.0,(scheme base),ERROR,/,one parameter
loko,0.0.0,(scheme base),ERROR,/,more than two parameters
loko,0.0.0,(scheme base),ERROR,<,two parameters
loko,0.0.0,(scheme base),ERROR,<,more than two parameters
loko,0.0.0,(scheme base),ERROR,<=,two parameters
loko,0.0.0,(scheme base),ERROR,<=,more than two parameters
loko,0.0.0,(scheme base),ERROR,=,two parameters
loko,0.0.0,(scheme base),ERROR,=,more than two parameters
loko,0.0.0,(scheme base),ERROR,>,two parameters
loko,0.0.0,(scheme base),ERROR,>,more than two parameters
loko,0.0.0,(scheme base),ERROR,>=,two parameters
loko,0.0.0,(scheme base),ERROR,>=,more than two parameters
loko,0.0.0,(scheme base),ERROR,abs,
loko,0.0.0,(scheme base),ERROR,and,no forms
loko,0.0.0,(scheme base),ERROR,and,short-circuit
loko,0.0.0,(scheme base),ERROR,append,
loko,0.0.0,(scheme base),ERROR,append,improper list
loko,0.0.0,(scheme base),ERROR,append,not list
loko,0.0.0,(scheme base),ERROR,apply,simple list
loko,0.0.0,(scheme base),ERROR,apply,single arguments + list
loko,0.0.0,(scheme base),ERROR,assoc,
loko,0.0.0,(scheme base),ERROR,assoc,comparator
loko,0.0.0,(scheme base),ERROR,assq,
loko,0.0.0,(scheme base),ERROR,assv,
loko,0.0.0,(scheme base),ERROR,begin,
loko,0.0.0,(scheme base),ERROR,binary-port?,
loko,0.0.0,(scheme base),ERROR,boolean=?,
loko,0.0.0,(scheme base),ERROR,boolean?,
loko,0.0.0,(scheme base),ERROR,bytevector,
loko,0.0.0,(scheme base),ERROR,bytevector-append,
loko,0.0.0,(scheme base),ERROR,bytevector-copy,3 args
loko,0.0.0,(scheme base),ERROR,bytevector-copy,4 args
loko,0.0.0,(scheme base),ERROR,bytevector-copy,5 args
loko,0.0.0,(scheme base),ERROR,bytevector-copy!,3 args
loko,0.0.0,(scheme base),ERROR,bytevector-copy!,4 args
loko,0.0.0,(scheme base),ERROR,bytevector-copy!,5 args
loko,0.0.0,(scheme base),ERROR,bytevector-length,
loko,0.0.0,(scheme base),ERROR,bytevector-u8-ref,
loko,0.0.0,(scheme base),ERROR,bytevector-u8-set!,
loko,0.0.0,(scheme base),ERROR,bytevector?,
loko,0.0.0,(scheme base),ERROR,caar,
loko,0.0.0,(scheme base),ERROR,cadr,
loko,0.0.0,(scheme base),ERROR,call-with-current-continuation,
loko,0.0.0,(scheme base),ERROR,call-with-port,
loko,0.0.0,(scheme base),ERROR,call-with-values,
loko,0.0.0,(scheme base),ERROR,call/cc,
loko,0.0.0,(scheme base),ERROR,car,
loko,0.0.0,(scheme base),ERROR,case,else
loko,0.0.0,(scheme base),ERROR,case,=>
loko,0.0.0,(scheme base),ERROR,cdar,
loko,0.0.0,(scheme base),ERROR,cddr,
loko,0.0.0,(scheme base),ERROR,cdr,
loko,0.0.0,(scheme base),ERROR,ceiling,
loko,0.0.0,(scheme base),ERROR,char->integer,
loko,0.0.0,(scheme base),ERROR,char-ready?,
loko,0.0.0,(scheme base),ERROR,char<=?,
loko,0.0.0,(scheme base),ERROR,char<?,
loko,0.0.0,(scheme base),ERROR,char=?,two parameters
loko,0.0.0,(scheme base),ERROR,char=?,three parameters
loko,0.0.0,(scheme base),ERROR,char>=?,
loko,0.0.0,(scheme base),ERROR,char>?,
loko,0.0.0,(scheme base),ERROR,char?,character #\a
loko,0.0.0,(scheme base),ERROR,char?,integer 3 not char
loko,0.0.0,(scheme base),ERROR,close-input-port,
loko,0.0.0,(scheme base),ERROR,close-output-port,
loko,0.0.0,(scheme base),ERROR,close-port,
loko,0.0.0,(scheme base),ERROR,complex?,not symbol 'a
loko,0.0.0,(scheme base),ERROR,complex?,integer 3
loko,0.0.0,(scheme base),ERROR,complex?,complex literal 3+1i
loko,0.0.0,(scheme base),ERROR,cond,else
loko,0.0.0,(scheme base),ERROR,cond,=>
loko,0.0.0,(scheme base),ERROR,cond-expand,else
loko,0.0.0,(scheme base),ERROR,cond-expand,r7rs
loko,0.0.0,(scheme base),ERROR,cond-expand,library scheme base
loko,0.0.0,(scheme base),ERROR,cond-expand,or
loko,0.0.0,(scheme base),ERROR,cond-expand,and
loko,0.0.0,(scheme base),ERROR,cond-expand,not
loko,0.0.0,(scheme base),ERROR,cons,
loko,0.0.0,(scheme base),ERROR,current-error-port,
loko,0.0.0,(scheme base),ERROR,current-input-port,
loko,0.0.0,(scheme base),ERROR,current-output-port,
loko,0.0.0,(scheme base),ERROR,define,value
loko,0.0.0,(scheme base),ERROR,define,function, 1 parameter
loko,0.0.0,(scheme base),ERROR,define,function, 3 parameters
loko,0.0.0,(scheme base),ERROR,define,function, rest parameter
loko,0.0.0,(scheme base),ERROR,define,function, only rest parameter
loko,0.0.0,(scheme base),ERROR,define-record-type,
loko,0.0.0,(scheme base),ERROR,define-syntax,
loko,0.0.0,(scheme base),ERROR,define-values,
loko,0.0.0,(scheme base),ERROR,denominator,
loko,0.0.0,(scheme base),ERROR,do,
loko,0.0.0,(scheme base),ERROR,dynamic-wind,
loko,0.0.0,(scheme base),ERROR,eof-object,
loko,0.0.0,(scheme base),ERROR,eof-object?,
loko,0.0.0,(scheme base),ERROR,eq?,symbols
loko,0.0.0,(scheme base),ERROR,eq?,different lists
loko,0.0.0,(scheme base),ERROR,eq?,null
loko,0.0.0,(scheme base),ERROR,eq?,function
loko,0.0.0,(scheme base),ERROR,eq?,vector
loko,0.0.0,(scheme base),ERROR,eq?,same function
loko,0.0.0,(scheme base),ERROR,equal?,symbols
loko,0.0.0,(scheme base),ERROR,equal?,lists
loko,0.0.0,(scheme base),ERROR,equals?,strings
loko,0.0.0,(scheme base),ERROR,equals?,vectors
loko,0.0.0,(scheme base),ERROR,equals?,cyclic list with set-cdr
loko,0.0.0,(scheme base),ERROR,equals?,cyclic list literal
loko,0.0.0,(scheme base),ERROR,eqv?,true
loko,0.0.0,(scheme base),ERROR,eqv?,false
loko,0.0.0,(scheme base),ERROR,eqv?,symbol
loko,0.0.0,(scheme base),ERROR,eqv?,integer
loko,0.0.0,(scheme base),ERROR,eqv?,real
loko,0.0.0,(scheme base),ERROR,eqv?,char
loko,0.0.0,(scheme base),ERROR,eqv?,null
loko,0.0.0,(scheme base),ERROR,eqv?,pair
loko,0.0.0,(scheme base),ERROR,eqv?,vector
loko,0.0.0,(scheme base),ERROR,eqv?,string
loko,0.0.0,(scheme base),ERROR,eqv?,bytevector
loko,0.0.0,(scheme base),ERROR,eqv?,function
loko,0.0.0,(scheme base),ERROR,eqv?,different booleans
loko,0.0.0,(scheme base),ERROR,eqv?,different symbols
loko,0.0.0,(scheme base),ERROR,eqv?,integer and real
loko,0.0.0,(scheme base),ERROR,eqv?,different integers
loko,0.0.0,(scheme base),ERROR,eqv?,different chars
loko,0.0.0,(scheme base),ERROR,eqv?,different list literals
loko,0.0.0,(scheme base),ERROR,eqv?,different lists
loko,0.0.0,(scheme base),ERROR,eqv?,different vectors
loko,0.0.0,(scheme base),ERROR,eqv?,different strings
loko,0.0.0,(scheme base),ERROR,eqv?,different bytevectors
loko,0.0.0,(scheme base),ERROR,error,
loko,0.0.0,(scheme base),ERROR,error-object-irritants,
loko,0.0.0,(scheme base),ERROR,error-object-message,
loko,0.0.0,(scheme base),ERROR,error-object?,
loko,0.0.0,(scheme base),ERROR,even?,
loko,0.0.0,(scheme base),ERROR,exact,
loko,0.0.0,(scheme base),ERROR,exact-integer-sqrt,
loko,0.0.0,(scheme base),ERROR,exact-integer?,
loko,0.0.0,(scheme base),ERROR,exact?,
loko,0.0.0,(scheme base),ERROR,expt,
loko,0.0.0,(scheme base),ERROR,expt,0^0
loko,0.0.0,(scheme base),ERROR,expt,0^1
loko,0.0.0,(scheme base),ERROR,features,list of symbols
loko,0.0.0,(scheme base),ERROR,features,contains 'r7rs
loko,0.0.0,(scheme base),ERROR,file-error?,
loko,0.0.0,(scheme base),ERROR,floor,
loko,0.0.0,(scheme base),ERROR,floor-quotient,
loko,0.0.0,(scheme base),ERROR,floor-remainder,
loko,0.0.0,(scheme base),ERROR,floor/,
loko,0.0.0,(scheme base),ERROR,flush-output-port,
loko,0.0.0,(scheme base),ERROR,for-each,1 list
loko,0.0.0,(scheme base),ERROR,for-each,2 lists, different length
loko,0.0.0,(scheme base),ERROR,gcd,
loko,0.0.0,(scheme base),ERROR,get-output-bytevector,
loko,0.0.0,(scheme base),ERROR,get-output-string,
loko,0.0.0,(scheme base),ERROR,guard,
loko,0.0.0,(scheme base),ERROR,if,
loko,0.0.0,(scheme base),ERROR,if,no else
loko,0.0.0,(scheme base),ERROR,inexact?,
loko,0.0.0,(scheme base),ERROR,inexact,
loko,0.0.0,(scheme base),ERROR,input-port-open?,
loko,0.0.0,(scheme base),ERROR,input-port?,
loko,0.0.0,(scheme base),ERROR,integer->char,
loko,0.0.0,(scheme base),ERROR,integer?,
loko,0.0.0,(scheme base),ERROR,lambda,
loko,0.0.0,(scheme base),ERROR,lambda,rest
loko,0.0.0,(scheme base),ERROR,lambda,only rest
loko,0.0.0,(scheme base),ERROR,lcm,
loko,0.0.0,(scheme base),ERROR,length,
loko,0.0.0,(scheme base),ERROR,let,forms
loko,0.0.0,(scheme base),ERROR,let,no bindings
loko,0.0.0,(scheme base),ERROR,let,named
loko,0.0.0,(scheme base),ERROR,let*,
loko,0.0.0,(scheme base),ERROR,let*-values,
loko,0.0.0,(scheme base),ERROR,let-syntax,
loko,0.0.0,(scheme base),ERROR,let-values,multiple values
loko,0.0.0,(scheme base),ERROR,let-values,single list
loko,0.0.0,(scheme base),ERROR,letrec,
loko,0.0.0,(scheme base),ERROR,letrec*,
loko,0.0.0,(scheme base),ERROR,letrec-syntax,
loko,0.0.0,(scheme base),ERROR,list,
loko,0.0.0,(scheme base),ERROR,list->string,
loko,0.0.0,(scheme base),ERROR,list->vector,
loko,0.0.0,(scheme base),ERROR,list-copy,
loko,0.0.0,(scheme base),ERROR,list-ref,
loko,0.0.0,(scheme base),ERROR,list-set!,
loko,0.0.0,(scheme base),ERROR,list-tail,
loko,0.0.0,(scheme base),ERROR,list?,
loko,0.0.0,(scheme base),ERROR,make-bytevector,
loko,0.0.0,(scheme base),ERROR,make-list,
loko,0.0.0,(scheme base),ERROR,make-parameter,
loko,0.0.0,(scheme base),ERROR,make-parameter,converter
loko,0.0.0,(scheme base),ERROR,make-string,
loko,0.0.0,(scheme base),ERROR,make-string,fill
loko,0.0.0,(scheme base),ERROR,make-vector,
loko,0.0.0,(scheme base),ERROR,make-vector,fill
loko,0.0.0,(scheme base),ERROR,map,1 list
loko,0.0.0,(scheme base),ERROR,map,2 lists
loko,0.0.0,(scheme base),ERROR,map,3 lists, different length
loko,0.0.0,(scheme base),ERROR,max,
loko,0.0.0,(scheme base),ERROR,member,
loko,0.0.0,(scheme base),ERROR,member,comparator
loko,0.0.0,(scheme base),ERROR,memq,
loko,0.0.0,(scheme base),ERROR,memv,
loko,0.0.0,(scheme base),ERROR,*,one parameter
loko,0.0.0,(scheme base),ERROR,*,more than two parameters
loko,0.0.0,(scheme base),ERROR,+,no parameters
loko,0.0.0,(scheme base),ERROR,+,one parameter
loko,0.0.0,(scheme base),ERROR,+,more than two parameters
loko,0.0.0,(scheme base),ERROR,-,one parameter
loko,0.0.0,(scheme base),ERROR,-,more than two parameters
loko,0.0.0,(scheme base),ERROR,/,one parameter
loko,0.0.0,(scheme base),ERROR,/,more than two parameters
loko,0.0.0,(scheme base),ERROR,<,two parameters
loko,0.0.0,(scheme base),ERROR,<,more than two parameters
loko,0.0.0,(scheme base),ERROR,<=,two parameters
loko,0.0.0,(scheme base),ERROR,<=,more than two parameters
loko,0.0.0,(scheme base),ERROR,=,two parameters
loko,0.0.0,(scheme base),ERROR,=,more than two parameters
loko,0.0.0,(scheme base),ERROR,>,two parameters
loko,0.0.0,(scheme base),ERROR,>,more than two parameters
loko,0.0.0,(scheme base),ERROR,>=,two parameters
loko,0.0.0,(scheme base),ERROR,>=,more than two parameters
loko,0.0.0,(scheme base),ERROR,abs,
loko,0.0.0,(scheme base),ERROR,and,no forms
loko,0.0.0,(scheme base),ERROR,and,short-circuit
loko,0.0.0,(scheme base),ERROR,append,
loko,0.0.0,(scheme base),ERROR,append,improper list
loko,0.0.0,(scheme base),ERROR,append,not list
loko,0.0.0,(scheme base),ERROR,apply,simple list
loko,0.0.0,(scheme base),ERROR,apply,single arguments + list
loko,0.0.0,(scheme base),ERROR,assoc,
loko,0.0.0,(scheme base),ERROR,assoc,comparator
loko,0.0.0,(scheme base),ERROR,assq,
loko,0.0.0,(scheme base),ERROR,assv,
loko,0.0.0,(scheme base),ERROR,begin,
loko,0.0.0,(scheme base),ERROR,binary-port?,
loko,0.0.0,(scheme base),ERROR,boolean=?,
loko,0.0.0,(scheme base),ERROR,boolean?,
loko,0.0.0,(scheme base),ERROR,bytevector,
loko,0.0.0,(scheme base),ERROR,bytevector-append,
loko,0.0.0,(scheme base),ERROR,bytevector-copy,3 args
loko,0.0.0,(scheme base),ERROR,bytevector-copy,4 args
loko,0.0.0,(scheme base),ERROR,bytevector-copy,5 args
loko,0.0.0,(scheme base),ERROR,bytevector-copy!,3 args
loko,0.0.0,(scheme base),ERROR,bytevector-copy!,4 args
loko,0.0.0,(scheme base),ERROR,bytevector-copy!,5 args
loko,0.0.0,(scheme base),ERROR,bytevector-length,
loko,0.0.0,(scheme base),ERROR,bytevector-u8-ref,
loko,0.0.0,(scheme base),ERROR,bytevector-u8-set!,
loko,0.0.0,(scheme base),ERROR,bytevector?,
loko,0.0.0,(scheme base),ERROR,caar,
loko,0.0.0,(scheme base),ERROR,cadr,
loko,0.0.0,(scheme base),ERROR,call-with-current-continuation,
loko,0.0.0,(scheme base),ERROR,call-with-port,
loko,0.0.0,(scheme base),ERROR,call-with-values,
loko,0.0.0,(scheme base),ERROR,call/cc,
loko,0.0.0,(scheme base),ERROR,car,
loko,0.0.0,(scheme base),ERROR,case,else
loko,0.0.0,(scheme base),ERROR,case,=>
loko,0.0.0,(scheme base),ERROR,cdar,
loko,0.0.0,(scheme base),ERROR,cddr,
loko,0.0.0,(scheme base),ERROR,cdr,
loko,0.0.0,(scheme base),ERROR,ceiling,
loko,0.0.0,(scheme base),ERROR,char->integer,
loko,0.0.0,(scheme base),ERROR,char-ready?,
loko,0.0.0,(scheme base),ERROR,char<=?,
loko,0.0.0,(scheme base),ERROR,char<?,
loko,0.0.0,(scheme base),ERROR,char=?,two parameters
loko,0.0.0,(scheme base),ERROR,char=?,three parameters
loko,0.0.0,(scheme base),ERROR,char>=?,
loko,0.0.0,(scheme base),ERROR,char>?,
loko,0.0.0,(scheme base),ERROR,char?,character #\a
loko,0.0.0,(scheme base),ERROR,char?,integer 3 not char
loko,0.0.0,(scheme base),ERROR,close-input-port,
loko,0.0.0,(scheme base),ERROR,close-output-port,
loko,0.0.0,(scheme base),ERROR,close-port,
loko,0.0.0,(scheme base),ERROR,complex?,not symbol 'a
loko,0.0.0,(scheme base),ERROR,complex?,integer 3
loko,0.0.0,(scheme base),ERROR,complex?,complex literal 3+1i
loko,0.0.0,(scheme base),ERROR,cond,else
loko,0.0.0,(scheme base),ERROR,cond,=>
loko,0.0.0,(scheme base),ERROR,cond-expand,else
loko,0.0.0,(scheme base),ERROR,cond-expand,r7rs
loko,0.0.0,(scheme base),ERROR,cond-expand,library scheme base
loko,0.0.0,(scheme base),ERROR,cond-expand,or
loko,0.0.0,(scheme base),ERROR,cond-expand,and
loko,0.0.0,(scheme base),ERROR,cond-expand,not
loko,0.0.0,(scheme base),ERROR,cons,
loko,0.0.0,(scheme base),ERROR,current-error-port,
loko,0.0.0,(scheme base),ERROR,current-input-port,
loko,0.0.0,(scheme base),ERROR,current-output-port,
loko,0.0.0,(scheme base),ERROR,define,value
loko,0.0.0,(scheme base),ERROR,define,function, 1 parameter
loko,0.0.0,(scheme base),ERROR,define,function, 3 parameters
loko,0.0.0,(scheme base),ERROR,define,function, rest parameter
loko,0.0.0,(scheme base),ERROR,define,function, only rest parameter
loko,0.0.0,(scheme base),ERROR,define-record-type,
loko,0.0.0,(scheme base),ERROR,define-syntax,
loko,0.0.0,(scheme base),ERROR,define-values,
loko,0.0.0,(scheme base),ERROR,denominator,
loko,0.0.0,(scheme base),ERROR,do,
loko,0.0.0,(scheme base),ERROR,dynamic-wind,
loko,0.0.0,(scheme base),ERROR,eof-object,
loko,0.0.0,(scheme base),ERROR,eof-object?,
loko,0.0.0,(scheme base),ERROR,eq?,symbols
loko,0.0.0,(scheme base),ERROR,eq?,different lists
loko,0.0.0,(scheme base),ERROR,eq?,null
loko,0.0.0,(scheme base),ERROR,eq?,function
loko,0.0.0,(scheme base),ERROR,eq?,vector
loko,0.0.0,(scheme base),ERROR,eq?,same function
loko,0.0.0,(scheme base),ERROR,equal?,symbols
loko,0.0.0,(scheme base),ERROR,equal?,lists
loko,0.0.0,(scheme base),ERROR,equals?,strings
loko,0.0.0,(scheme base),ERROR,equals?,vectors
loko,0.0.0,(scheme base),ERROR,equals?,cyclic list with set-cdr
loko,0.0.0,(scheme base),ERROR,equals?,cyclic list literal
loko,0.0.0,(scheme base),ERROR,eqv?,true
loko,0.0.0,(scheme base),ERROR,eqv?,false
loko,0.0.0,(scheme base),ERROR,eqv?,symbol
loko,0.0.0,(scheme base),ERROR,eqv?,integer
loko,0.0.0,(scheme base),ERROR,eqv?,real
loko,0.0.0,(scheme base),ERROR,eqv?,char
loko,0.0.0,(scheme base),ERROR,eqv?,null
loko,0.0.0,(scheme base),ERROR,eqv?,pair
loko,0.0.0,(scheme base),ERROR,eqv?,vector
loko,0.0.0,(scheme base),ERROR,eqv?,string
loko,0.0.0,(scheme base),ERROR,eqv?,bytevector
loko,0.0.0,(scheme base),ERROR,eqv?,function
loko,0.0.0,(scheme base),ERROR,eqv?,different booleans
loko,0.0.0,(scheme base),ERROR,eqv?,different symbols
loko,0.0.0,(scheme base),ERROR,eqv?,integer and real
loko,0.0.0,(scheme base),ERROR,eqv?,different integers
loko,0.0.0,(scheme base),ERROR,eqv?,different chars
loko,0.0.0,(scheme base),ERROR,eqv?,different list literals
loko,0.0.0,(scheme base),ERROR,eqv?,different lists
loko,0.0.0,(scheme base),ERROR,eqv?,different vectors
loko,0.0.0,(scheme base),ERROR,eqv?,different strings
loko,0.0.0,(scheme base),ERROR,eqv?,different bytevectors
loko,0.0.0,(scheme base),ERROR,error,
loko,0.0.0,(scheme base),ERROR,error-object-irritants,
loko,0.0.0,(scheme base),ERROR,error-object-message,
loko,0.0.0,(scheme base),ERROR,error-object?,
loko,0.0.0,(scheme base),ERROR,even?,
loko,0.0.0,(scheme base),ERROR,exact,
loko,0.0.0,(scheme base),ERROR,exact-integer-sqrt,
loko,0.0.0,(scheme base),ERROR,exact-integer?,
loko,0.0.0,(scheme base),ERROR,exact?,
loko,0.0.0,(scheme base),ERROR,expt,
loko,0.0.0,(scheme base),ERROR,expt,0^0
loko,0.0.0,(scheme base),ERROR,expt,0^1
loko,0.0.0,(scheme base),ERROR,features,list of symbols
loko,0.0.0,(scheme base),ERROR,features,contains 'r7rs
loko,0.0.0,(scheme base),ERROR,file-error?,
loko,0.0.0,(scheme base),ERROR,floor,
loko,0.0.0,(scheme base),ERROR,floor-quotient,
loko,0.0.0,(scheme base),ERROR,floor-remainder,
loko,0.0.0,(scheme base),ERROR,floor/,
loko,0.0.0,(scheme base),ERROR,flush-output-port,
loko,0.0.0,(scheme base),ERROR,for-each,1 list
loko,0.0.0,(scheme base),ERROR,for-each,2 lists, different length
loko,0.0.0,(scheme base),ERROR,gcd,
loko,0.0.0,(scheme base),ERROR,get-output-bytevector,
loko,0.0.0,(scheme base),ERROR,get-output-string,
loko,0.0.0,(scheme base),ERROR,guard,
loko,0.0.0,(scheme base),ERROR,if,
loko,0.0.0,(scheme base),ERROR,if,no else
loko,0.0.0,(scheme base),ERROR,inexact?,
loko,0.0.0,(scheme base),ERROR,inexact,
loko,0.0.0,(scheme base),ERROR,input-port-open?,
loko,0.0.0,(scheme base),ERROR,input-port?,
loko,0.0.0,(scheme base),ERROR,integer->char,
loko,0.0.0,(scheme base),ERROR,integer?,
loko,0.0.0,(scheme base),ERROR,lambda,
loko,0.0.0,(scheme base),ERROR,lambda,rest
loko,0.0.0,(scheme base),ERROR,lambda,only rest
loko,0.0.0,(scheme base),ERROR,lcm,
loko,0.0.0,(scheme base),ERROR,length,
loko,0.0.0,(scheme base),ERROR,let,forms
loko,0.0.0,(scheme base),ERROR,let,no bindings
loko,0.0.0,(scheme base),ERROR,let,named
loko,0.0.0,(scheme base),ERROR,let*,
loko,0.0.0,(scheme base),ERROR,let*-values,
loko,0.0.0,(scheme base),ERROR,let-syntax,
loko,0.0.0,(scheme base),ERROR,let-values,multiple values
loko,0.0.0,(scheme base),ERROR,let-values,single list
loko,0.0.0,(scheme base),ERROR,letrec,
loko,0.0.0,(scheme base),ERROR,letrec*,
loko,0.0.0,(scheme base),ERROR,letrec-syntax,
loko,0.0.0,(scheme base),ERROR,list,
loko,0.0.0,(scheme base),ERROR,list->string,
loko,0.0.0,(scheme base),ERROR,list->vector,
loko,0.0.0,(scheme base),ERROR,list-copy,
loko,0.0.0,(scheme base),ERROR,list-ref,
loko,0.0.0,(scheme base),ERROR,list-set!,
loko,0.0.0,(scheme base),ERROR,list-tail,
loko,0.0.0,(scheme base),ERROR,list?,
loko,0.0.0,(scheme base),ERROR,make-bytevector,
loko,0.0.0,(scheme base),ERROR,make-list,
loko,0.0.0,(scheme base),ERROR,make-parameter,
loko,0.0.0,(scheme base),ERROR,make-parameter,converter
loko,0.0.0,(scheme base),ERROR,make-string,
loko,0.0.0,(scheme base),ERROR,make-string,fill
loko,0.0.0,(scheme base),ERROR,make-vector,
loko,0.0.0,(scheme base),ERROR,make-vector,fill
loko,0.0.0,(scheme base),ERROR,map,1 list
loko,0.0.0,(scheme base),ERROR,map,2 lists
loko,0.0.0,(scheme base),ERROR,map,3 lists, different length
loko,0.0.0,(scheme base),ERROR,max,
loko,0.0.0,(scheme base),ERROR,member,
loko,0.0.0,(scheme base),ERROR,member,comparator
loko,0.0.0,(scheme base),ERROR,memq,
loko,0.0.0,(scheme base),ERROR,memv,
loko,0.0.0,(scheme base),ERROR,min,
loko,0.0.0,(scheme base),ERROR,modulo,
loko,0.0.0,(scheme base),ERROR,negative?,
loko,0.0.0,(scheme base),ERROR,newline,
loko,0.0.0,(scheme base),ERROR,not,
loko,0.0.0,(scheme base),ERROR,null?,
loko,0.0.0,(scheme base),ERROR,number->string,
loko,0.0.0,(scheme base),ERROR,number?,
loko,0.0.0,(scheme base),ERROR,numerator,
loko,0.0.0,(scheme base),ERROR,odd?,
loko,0.0.0,(scheme base),ERROR,open-input-bytevector,
loko,0.0.0,(scheme base),ERROR,open-input-string,
loko,0.0.0,(scheme base),ERROR,open-output-bytevector,
loko,0.0.0,(scheme base),ERROR,open-output-string,
loko,0.0.0,(scheme base),ERROR,or,no forms
loko,0.0.0,(scheme base),ERROR,or,short-circuit
loko,0.0.0,(scheme base),ERROR,output-port-open?,
loko,0.0.0,(scheme base),ERROR,output-port?,
loko,0.0.0,(scheme base),ERROR,pair?,
loko,0.0.0,(scheme base),ERROR,parameterize,simple
loko,0.0.0,(scheme base),ERROR,parameterize,nested
loko,0.0.0,(scheme base),ERROR,peek-char,
loko,0.0.0,(scheme base),ERROR,peek-u8,
loko,0.0.0,(scheme base),ERROR,port?,
loko,0.0.0,(scheme base),ERROR,positive?,
loko,0.0.0,(scheme base),ERROR,procedure?,
loko,0.0.0,(scheme base),ERROR,quasiquote,
loko,0.0.0,(scheme base),ERROR,quote,
loko,0.0.0,(scheme base),ERROR,quotient,
loko,0.0.0,(scheme base),ERROR,raise,
loko,0.0.0,(scheme base),ERROR,raise-continuable,
loko,0.0.0,(scheme base),ERROR,rational?,
loko,0.0.0,(scheme base),ERROR,rationalize,
loko,0.0.0,(scheme base),ERROR,read-bytevector!,one parameter
loko,0.0.0,(scheme base),ERROR,read-bytevector!,two parameters
loko,0.0.0,(scheme base),ERROR,read-bytevector!,three parameters
loko,0.0.0,(scheme base),ERROR,read-bytevector!,four parameters
loko,0.0.0,(scheme base),ERROR,read-char,no arguments
loko,0.0.0,(scheme base),ERROR,read-char,one argument
loko,0.0.0,(scheme base),ERROR,read-error?,
loko,0.0.0,(scheme base),ERROR,read-line,no arguments
loko,0.0.0,(scheme base),ERROR,read-line,one argument
loko,0.0.0,(scheme base),ERROR,read-u8,no arguments
loko,0.0.0,(scheme base),ERROR,read-u8,one argument
loko,0.0.0,(scheme base),ERROR,real?,
loko,0.0.0,(scheme base),ERROR,remainder,
loko,0.0.0,(scheme base),ERROR,reverse,
loko,0.0.0,(scheme base),ERROR,round,
loko,0.0.0,(scheme base),ERROR,set!,
loko,0.0.0,(scheme base),ERROR,set-car!,
loko,0.0.0,(scheme base),ERROR,set-cdr!,
loko,0.0.0,(scheme base),ERROR,square,
loko,0.0.0,(scheme base),ERROR,string,
loko,0.0.0,(scheme base),ERROR,string->list,
loko,0.0.0,(scheme base),ERROR,string->list,start
loko,0.0.0,(scheme base),ERROR,string->list,start and end
loko,0.0.0,(scheme base),ERROR,string->number,
loko,0.0.0,(scheme base),ERROR,string->symbol,
loko,0.0.0,(scheme base),ERROR,string->utf8,
loko,0.0.0,(scheme base),ERROR,string->vector,
loko,0.0.0,(scheme base),ERROR,string->vector,start
loko,0.0.0,(scheme base),ERROR,string->vector,start and end
loko,0.0.0,(scheme base),ERROR,string-append,
loko,0.0.0,(scheme base),ERROR,string-copy,
loko,0.0.0,(scheme base),ERROR,string-copy,start
loko,0.0.0,(scheme base),ERROR,string-copy,start and end
loko,0.0.0,(scheme base),ERROR,string-copy!,
loko,0.0.0,(scheme base),ERROR,string-copy!,start
loko,0.0.0,(scheme base),ERROR,string-copy!,start and end
loko,0.0.0,(scheme base),ERROR,string-fill!,
loko,0.0.0,(scheme base),ERROR,string-fill!,start
loko,0.0.0,(scheme base),ERROR,string-fill!,start and end
loko,0.0.0,(scheme base),ERROR,string-for-each,2 strings, different length
loko,0.0.0,(scheme base),ERROR,string-length,
loko,0.0.0,(scheme base),ERROR,string-map,1 string
loko,0.0.0,(scheme base),ERROR,string-map,2 strings, different length
loko,0.0.0,(scheme base),ERROR,string-ref,
loko,0.0.0,(scheme base),ERROR,string-set!,
loko,0.0.0,(scheme base),ERROR,string<=?,
loko,0.0.0,(scheme base),ERROR,string<?,
loko,0.0.0,(scheme base),ERROR,string=?,
loko,0.0.0,(scheme base),ERROR,string>=?,
loko,0.0.0,(scheme base),ERROR,string>?,
loko,0.0.0,(scheme base),ERROR,string?,
loko,0.0.0,(scheme base),ERROR,substring,
loko,0.0.0,(scheme base),ERROR,symbol->string,
loko,0.0.0,(scheme base),ERROR,symbol=?,
loko,0.0.0,(scheme base),ERROR,symbol?,
loko,0.0.0,(scheme base),ERROR,syntax-rules,
loko,0.0.0,(scheme base),ERROR,textual-port?,
loko,0.0.0,(scheme base),ERROR,truncate,
loko,0.0.0,(scheme base),ERROR,truncate-quotient,
loko,0.0.0,(scheme base),ERROR,truncate-remainder,
loko,0.0.0,(scheme base),ERROR,truncate/,
loko,0.0.0,(scheme base),ERROR,u8-ready?,
loko,0.0.0,(scheme base),ERROR,unless,
loko,0.0.0,(scheme base),ERROR,unquote,
loko,0.0.0,(scheme base),ERROR,unquote-splicing,
loko,0.0.0,(scheme base),ERROR,utf8->string,
loko,0.0.0,(scheme base),ERROR,vector,
loko,0.0.0,(scheme base),ERROR,vector->list,
loko,0.0.0,(scheme base),ERROR,vector->list,start
loko,0.0.0,(scheme base),ERROR,vector->list,start and end
loko,0.0.0,(scheme base),ERROR,vector->string,
loko,0.0.0,(scheme base),ERROR,vector->string,start
loko,0.0.0,(scheme base),ERROR,vector->string,start and end
loko,0.0.0,(scheme base),ERROR,vector-append,
loko,0.0.0,(scheme base),ERROR,vector-copy,
loko,0.0.0,(scheme base),ERROR,vector-copy,start
loko,0.0.0,(scheme base),ERROR,vector-copy,start and end
loko,0.0.0,(scheme base),ERROR,vector-copy!,
loko,0.0.0,(scheme base),ERROR,vector-copy!,start
loko,0.0.0,(scheme base),ERROR,vector-copy!,start and end
loko,0.0.0,(scheme base),ERROR,vector-fill!,
loko,0.0.0,(scheme base),ERROR,vector-fill!,start
loko,0.0.0,(scheme base),ERROR,vector-fill!,start and end
loko,0.0.0,(scheme base),ERROR,vector-for-each,1 vector
loko,0.0.0,(scheme base),ERROR,vector-for-each,2 vectors, different length
loko,0.0.0,(scheme base),ERROR,vector-length,
loko,0.0.0,(scheme base),ERROR,vector-map,1 vector
loko,0.0.0,(scheme base),ERROR,vector-map,2 vectors, different length
loko,0.0.0,(scheme base),ERROR,vector-ref,
loko,0.0.0,(scheme base),ERROR,vector-set!,
loko,0.0.0,(scheme base),ERROR,vector?,
loko,0.0.0,(scheme base),ERROR,when,
loko,0.0.0,(scheme base),ERROR,with-exception-handler,
loko,0.0.0,(scheme base),ERROR,write-bytevector,one parameter
loko,0.0.0,(scheme base),ERROR,write-bytevector,two parameters
loko,0.0.0,(scheme base),ERROR,write-bytevector,three parameters
loko,0.0.0,(scheme base),ERROR,write-bytevector,four parameters
loko,0.0.0,(scheme base),ERROR,write-char,
loko,0.0.0,(scheme base),ERROR,write-string,one parameter
loko,0.0.0,(scheme base),ERROR,write-string,two parameters
loko,0.0.0,(scheme base),ERROR,write-string,three parameters
loko,0.0.0,(scheme base),ERROR,write-string,four parameters
loko,0.0.0,(scheme base),ERROR,write-u8,
loko,0.0.0,(scheme base),ERROR,zero?,integer
loko,0.0.0,(scheme base),ERROR,zero?,float
loko,0.0.0,(scheme base),ERROR,literals,pair
loko,0.0.0,(scheme base),ERROR,literals,list
loko,0.0.0,(scheme base),ERROR,literals,improper list
loko,0.0.0,(scheme base),ERROR,literals,unquoted bytevector
loko,0.0.0,(scheme base),ERROR,literals,quoted bytevector
loko,0.0.0,(scheme base),ERROR,literals,unquoted vector
loko,0.0.0,(scheme base),ERROR,literals,quoted vector
loko,0.0.0,(scheme base),ERROR,literals,cyclic list
loko,0.0.0,(scheme base),ERROR,literals,named char alarm
loko,0.0.0,(scheme base),ERROR,literals,named char backspace
loko,0.0.0,(scheme base),ERROR,literals,named char delete
loko,0.0.0,(scheme base),ERROR,literals,named char escape
loko,0.0.0,(scheme base),ERROR,literals,named char newline
loko,0.0.0,(scheme base),ERROR,literals,named char null
loko,0.0.0,(scheme base),ERROR,literals,named char return
loko,0.0.0,(scheme base),ERROR,literals,named char space
loko,0.0.0,(scheme base),ERROR,literals,named char tab
loko,0.0.0,(scheme base),ERROR,literals,basic chars
loko,0.0.0,(scheme base),ERROR,literal,string
loko,0.0.0,(scheme base),ERROR,literal,string escape alarm
loko,0.0.0,(scheme base),ERROR,literal,string escape backspace
loko,0.0.0,(scheme base),ERROR,literal,string escape tab
loko,0.0.0,(scheme base),ERROR,literal,string escape linefeed
loko,0.0.0,(scheme base),ERROR,literal,string escape return
loko,0.0.0,(scheme base),ERROR,literal,string escape double quote
loko,0.0.0,(scheme base),ERROR,literal,string escape backslash
loko,0.0.0,(scheme base),ERROR,literal,string escape vertical line
loko,0.0.0,(scheme base),ERROR,literal,string with char hex escape
loko,0.0.0,(scheme base),ERROR,literals,boolean #t and #f
loko,0.0.0,(scheme base),ERROR,literals,boolean #true and #false
loko,0.0.0,(scheme base),ERROR,literals,float +nan.0
loko,0.0.0,(scheme base),ERROR,literals,float +inf.0
loko,0.0.0,(scheme base),ERROR,literals,float -nan.0
loko,0.0.0,(scheme base),ERROR,literals,float -inf.0
loko,0.0.0,(scheme base),ERROR,literals,rational
loko,0.0.0,(scheme case-lambda),ERROR,case-lambda,
loko,0.0.0,(scheme char),ERROR,char-alphabetic?,
loko,0.0.0,(scheme char),ERROR,char-ci<=?,
loko,0.0.0,(scheme char),ERROR,char-ci<?,
loko,0.0.0,(scheme char),ERROR,char-ci=?,
loko,0.0.0,(scheme char),ERROR,char-ci>=?,
loko,0.0.0,(scheme char),ERROR,char-ci>?,
loko,0.0.0,(scheme char),ERROR,char-downcase,
loko,0.0.0,(scheme char),ERROR,char-foldcase,
loko,0.0.0,(scheme char),ERROR,char-lower-case?,
loko,0.0.0,(scheme char),ERROR,char-numeric?,
loko,0.0.0,(scheme char),ERROR,char-upcase,
loko,0.0.0,(scheme char),ERROR,char-upper-case?,
loko,0.0.0,(scheme char),ERROR,char-whitespace?,
loko,0.0.0,(scheme char),ERROR,digit-value,ascii,
loko,0.0.0,(scheme char),ERROR,digit-value,unicode,٤ and ૦
loko,0.0.0,(scheme char),ERROR,string-ci<=?,
loko,0.0.0,(scheme char),ERROR,string-ci<?,
loko,0.0.0,(scheme char),ERROR,string-ci=?,
loko,0.0.0,(scheme char),ERROR,string-ci>=?,
loko,0.0.0,(scheme char),ERROR,string-ci>?,
loko,0.0.0,(scheme char),ERROR,string-downcase,
loko,0.0.0,(scheme char),ERROR,string-foldcase,
loko,0.0.0,(scheme char),ERROR,string-upcase,
loko,0.0.0,(scheme complex),ERROR,angle,
loko,0.0.0,(scheme complex),ERROR,imag-part,
loko,0.0.0,(scheme complex),ERROR,magnitude,
loko,0.0.0,(scheme complex),ERROR,make-polar,
loko,0.0.0,(scheme complex),ERROR,make-rectangular,
loko,0.0.0,(scheme complex),ERROR,real-part,
loko,0.0.0,(scheme cxr),ERROR,caaar,
loko,0.0.0,(scheme cxr),ERROR,caadr,
loko,0.0.0,(scheme cxr),ERROR,cadar,
loko,0.0.0,(scheme cxr),ERROR,caddr,
loko,0.0.0,(scheme cxr),ERROR,cdaar,
loko,0.0.0,(scheme cxr),ERROR,cdadr,
loko,0.0.0,(scheme cxr),ERROR,cddar,
loko,0.0.0,(scheme cxr),ERROR,cdddr,
loko,0.0.0,(scheme cxr),ERROR,cXr,
loko,0.0.0,(scheme eval),ERROR,eval,
loko,0.0.0,(scheme eval),ERROR,environment,
loko,0.0.0,(scheme file),ERROR,call-with-input-file,
loko,0.0.0,(scheme file),ERROR,call-with-output-file,
loko,0.0.0,(scheme file),ERROR,delete-file,
loko,0.0.0,(scheme file),ERROR,file-exists?,
loko,0.0.0,(scheme file),ERROR,open-binary-input-file,
loko,0.0.0,(scheme file),ERROR,open-binary-output-file,
loko,0.0.0,(scheme file),ERROR,open-input-file,
loko,0.0.0,(scheme file),ERROR,open-output-file,
loko,0.0.0,(scheme file),ERROR,with-input-from-file,
loko,0.0.0,(scheme file),ERROR,with-output-to-file,
loko,0.0.0,(scheme inexact),ERROR,acos,
loko,0.0.0,(scheme inexact),ERROR,asin,
loko,0.0.0,(scheme inexact),ERROR,atan,one parameter
loko,0.0.0,(scheme inexact),ERROR,atan,two parameters
loko,0.0.0,(scheme inexact),ERROR,cos,
loko,0.0.0,(scheme inexact),ERROR,exp,
loko,0.0.0,(scheme inexact),ERROR,finite?,
loko,0.0.0,(scheme inexact),ERROR,infinite?,
loko,0.0.0,(scheme inexact),ERROR,log,one parameter
loko,0.0.0,(scheme inexact),ERROR,log,two parameters
loko,0.0.0,(scheme inexact),ERROR,nan?,
loko,0.0.0,(scheme inexact),ERROR,sin,
loko,0.0.0,(scheme inexact),ERROR,sqrt,
loko,0.0.0,(scheme inexact),ERROR,tan,
loko,0.0.0,(scheme lazy),ERROR,delay,
loko,0.0.0,(scheme lazy),ERROR,delay-force,
loko,0.0.0,(scheme lazy),ERROR,force,
loko,0.0.0,(scheme lazy),ERROR,make-promise,
loko,0.0.0,(scheme lazy),ERROR,promise?,
loko,0.0.0,(scheme list),ERROR,xcons,
loko,0.0.0,(scheme list),ERROR,cons*,
loko,0.0.0,(scheme list),ERROR,make-list,
loko,0.0.0,(scheme list),ERROR,list-tabulate,
loko,0.0.0,(scheme list),ERROR,list-copy,
loko,0.0.0,(scheme list),ERROR,circular-list,
loko,0.0.0,(scheme base),ERROR,*,one parameter
loko,0.0.0,(scheme base),ERROR,*,more than two parameters
loko,0.0.0,(scheme base),ERROR,+,no parameters
loko,0.0.0,(scheme base),ERROR,+,one parameter
loko,0.0.0,(scheme base),ERROR,+,more than two parameters
loko,0.0.0,(scheme base),ERROR,-,one parameter
loko,0.0.0,(scheme base),ERROR,-,more than two parameters
loko,0.0.0,(scheme base),ERROR,/,one parameter
loko,0.0.0,(scheme base),ERROR,/,more than two parameters
loko,0.0.0,(scheme base),ERROR,<,two parameters
loko,0.0.0,(scheme base),ERROR,<,more than two parameters
loko,0.0.0,(scheme base),ERROR,<=,two parameters
loko,0.0.0,(scheme base),ERROR,<=,more than two parameters
loko,0.0.0,(scheme base),ERROR,=,two parameters
loko,0.0.0,(scheme base),ERROR,=,more than two parameters
loko,0.0.0,(scheme base),ERROR,>,two parameters
loko,0.0.0,(scheme base),ERROR,>,more than two parameters
loko,0.0.0,(scheme base),ERROR,>=,two parameters
loko,0.0.0,(scheme base),ERROR,>=,more than two parameters
loko,0.0.0,(scheme base),ERROR,abs,
loko,0.0.0,(scheme base),ERROR,and,no forms
loko,0.0.0,(scheme base),ERROR,and,short-circuit
loko,0.0.0,(scheme base),ERROR,append,
loko,0.0.0,(scheme base),ERROR,append,improper list
loko,0.0.0,(scheme base),ERROR,append,not list
loko,0.0.0,(scheme base),ERROR,apply,simple list
loko,0.0.0,(scheme base),ERROR,apply,single arguments + list
loko,0.0.0,(scheme base),ERROR,assoc,
loko,0.0.0,(scheme base),ERROR,assoc,comparator
loko,0.0.0,(scheme base),ERROR,assq,
loko,0.0.0,(scheme base),ERROR,assv,
loko,0.0.0,(scheme base),ERROR,begin,
loko,0.0.0,(scheme base),ERROR,binary-port?,
loko,0.0.0,(scheme base),ERROR,boolean=?,
loko,0.0.0,(scheme base),ERROR,boolean?,
loko,0.0.0,(scheme base),ERROR,bytevector,
loko,0.0.0,(scheme base),ERROR,bytevector-append,
loko,0.0.0,(scheme base),ERROR,bytevector-copy,3 args
loko,0.0.0,(scheme base),ERROR,bytevector-copy,4 args
loko,0.0.0,(scheme base),ERROR,bytevector-copy,5 args
loko,0.0.0,(scheme base),ERROR,bytevector-copy!,3 args
loko,0.0.0,(scheme base),ERROR,bytevector-copy!,4 args
loko,0.0.0,(scheme base),ERROR,bytevector-copy!,5 args
loko,0.0.0,(scheme base),ERROR,bytevector-length,
loko,0.0.0,(scheme base),ERROR,bytevector-u8-ref,
loko,0.0.0,(scheme base),ERROR,bytevector-u8-set!,
loko,0.0.0,(scheme base),ERROR,bytevector?,
loko,0.0.0,(scheme base),ERROR,caar,
loko,0.0.0,(scheme base),ERROR,cadr,
loko,0.0.0,(scheme base),ERROR,call-with-current-continuation,
loko,0.0.0,(scheme base),ERROR,call-with-port,
loko,0.0.0,(scheme base),ERROR,call-with-values,
loko,0.0.0,(scheme base),ERROR,call/cc,
loko,0.0.0,(scheme base),ERROR,car,
loko,0.0.0,(scheme base),ERROR,case,else
loko,0.0.0,(scheme base),ERROR,case,=>
loko,0.0.0,(scheme base),ERROR,cdar,
loko,0.0.0,(scheme base),ERROR,cddr,
loko,0.0.0,(scheme base),ERROR,cdr,
loko,0.0.0,(scheme base),ERROR,ceiling,
loko,0.0.0,(scheme base),ERROR,char->integer,
loko,0.0.0,(scheme base),ERROR,char-ready?,
loko,0.0.0,(scheme base),ERROR,char<=?,
loko,0.0.0,(scheme base),ERROR,char<?,
loko,0.0.0,(scheme base),ERROR,char=?,two parameters
loko,0.0.0,(scheme base),ERROR,char=?,three parameters
loko,0.0.0,(scheme base),ERROR,char>=?,
loko,0.0.0,(scheme base),ERROR,char>?,
loko,0.0.0,(scheme base),ERROR,char?,character #\a
loko,0.0.0,(scheme base),ERROR,char?,integer 3 not char
loko,0.0.0,(scheme base),ERROR,close-input-port,
loko,0.0.0,(scheme base),ERROR,close-output-port,
loko,0.0.0,(scheme base),ERROR,close-port,
loko,0.0.0,(scheme base),ERROR,complex?,not symbol 'a
loko,0.0.0,(scheme base),ERROR,complex?,integer 3
loko,0.0.0,(scheme base),ERROR,complex?,complex literal 3+1i
loko,0.0.0,(scheme base),ERROR,cond,else
loko,0.0.0,(scheme base),ERROR,cond,=>
loko,0.0.0,(scheme base),ERROR,cond-expand,else
loko,0.0.0,(scheme base),ERROR,cond-expand,r7rs
loko,0.0.0,(scheme base),ERROR,cond-expand,library scheme base
loko,0.0.0,(scheme base),ERROR,cond-expand,or
loko,0.0.0,(scheme base),ERROR,cond-expand,and
loko,0.0.0,(scheme base),ERROR,cond-expand,not
loko,0.0.0,(scheme base),ERROR,cons,
loko,0.0.0,(scheme base),ERROR,current-error-port,
loko,0.0.0,(scheme base),ERROR,current-input-port,
loko,0.0.0,(scheme base),ERROR,current-output-port,
loko,0.0.0,(scheme base),ERROR,define,value
loko,0.0.0,(scheme base),ERROR,define,function, 1 parameter
loko,0.0.0,(scheme base),ERROR,define,function, 3 parameters
loko,0.0.0,(scheme base),ERROR,define,function, rest parameter
loko,0.0.0,(scheme base),ERROR,define,function, only rest parameter
loko,0.0.0,(scheme base),ERROR,define-record-type,
loko,0.0.0,(scheme base),ERROR,define-syntax,
loko,0.0.0,(scheme base),ERROR,define-values,
loko,0.0.0,(scheme base),ERROR,denominator,
loko,0.0.0,(scheme base),ERROR,do,
loko,0.0.0,(scheme base),ERROR,dynamic-wind,
loko,0.0.0,(scheme base),ERROR,eof-object,
loko,0.0.0,(scheme base),ERROR,eof-object?,
loko,0.0.0,(scheme base),ERROR,eq?,symbols
loko,0.0.0,(scheme base),ERROR,eq?,different lists
loko,0.0.0,(scheme base),ERROR,eq?,null
loko,0.0.0,(scheme base),ERROR,eq?,function
loko,0.0.0,(scheme base),ERROR,eq?,vector
loko,0.0.0,(scheme base),ERROR,eq?,same function
loko,0.0.0,(scheme base),ERROR,equal?,symbols
loko,0.0.0,(scheme base),ERROR,equal?,lists
loko,0.0.0,(scheme base),ERROR,equals?,strings
loko,0.0.0,(scheme base),ERROR,equals?,vectors
loko,0.0.0,(scheme base),ERROR,equals?,cyclic list with set-cdr
loko,0.0.0,(scheme base),ERROR,equals?,cyclic list literal
loko,0.0.0,(scheme base),ERROR,eqv?,true
loko,0.0.0,(scheme base),ERROR,eqv?,false
loko,0.0.0,(scheme base),ERROR,eqv?,symbol
loko,0.0.0,(scheme base),ERROR,eqv?,integer
loko,0.0.0,(scheme base),ERROR,eqv?,real
loko,0.0.0,(scheme base),ERROR,eqv?,char
loko,0.0.0,(scheme base),ERROR,eqv?,null
loko,0.0.0,(scheme base),ERROR,eqv?,pair
loko,0.0.0,(scheme base),ERROR,eqv?,vector
loko,0.0.0,(scheme base),ERROR,eqv?,string
loko,0.0.0,(scheme base),ERROR,eqv?,bytevector
loko,0.0.0,(scheme base),ERROR,eqv?,function
loko,0.0.0,(scheme base),ERROR,eqv?,different booleans
loko,0.0.0,(scheme base),ERROR,eqv?,different symbols
loko,0.0.0,(scheme base),ERROR,eqv?,integer and real
loko,0.0.0,(scheme base),ERROR,eqv?,different integers
loko,0.0.0,(scheme base),ERROR,eqv?,different chars
loko,0.0.0,(scheme base),ERROR,eqv?,different list literals
loko,0.0.0,(scheme base),ERROR,eqv?,different lists
loko,0.0.0,(scheme base),ERROR,eqv?,different vectors
loko,0.0.0,(scheme base),ERROR,eqv?,different strings
loko,0.0.0,(scheme base),ERROR,eqv?,different bytevectors
loko,0.0.0,(scheme base),ERROR,error,
loko,0.0.0,(scheme base),ERROR,error-object-irritants,
loko,0.0.0,(scheme base),ERROR,error-object-message,
loko,0.0.0,(scheme base),ERROR,error-object?,
loko,0.0.0,(scheme base),ERROR,even?,
loko,0.0.0,(scheme base),ERROR,exact,
loko,0.0.0,(scheme base),ERROR,exact-integer-sqrt,
loko,0.0.0,(scheme base),ERROR,exact-integer?,
loko,0.0.0,(scheme base),ERROR,exact?,
loko,0.0.0,(scheme base),ERROR,expt,
loko,0.0.0,(scheme base),ERROR,expt,0^0
loko,0.0.0,(scheme base),ERROR,expt,0^1
loko,0.0.0,(scheme base),ERROR,features,list of symbols
loko,0.0.0,(scheme base),ERROR,features,contains 'r7rs
loko,0.0.0,(scheme base),ERROR,file-error?,
loko,0.0.0,(scheme base),ERROR,floor,
loko,0.0.0,(scheme base),ERROR,floor-quotient,
loko,0.0.0,(scheme base),ERROR,floor-remainder,
loko,0.0.0,(scheme base),ERROR,floor/,
loko,0.0.0,(scheme base),ERROR,flush-output-port,
loko,0.0.0,(scheme base),ERROR,for-each,1 list
loko,0.0.0,(scheme base),ERROR,for-each,2 lists, different length
loko,0.0.0,(scheme base),ERROR,gcd,
loko,0.0.0,(scheme base),ERROR,get-output-bytevector,
loko,0.0.0,(scheme base),ERROR,get-output-string,
loko,0.0.0,(scheme base),ERROR,guard,
loko,0.0.0,(scheme base),ERROR,if,
loko,0.0.0,(scheme base),ERROR,if,no else
loko,0.0.0,(scheme base),ERROR,inexact?,
loko,0.0.0,(scheme base),ERROR,inexact,
loko,0.0.0,(scheme base),ERROR,input-port-open?,
loko,0.0.0,(scheme base),ERROR,input-port?,
loko,0.0.0,(scheme base),ERROR,integer->char,
loko,0.0.0,(scheme base),ERROR,integer?,
loko,0.0.0,(scheme base),ERROR,lambda,
loko,0.0.0,(scheme base),ERROR,lambda,rest
loko,0.0.0,(scheme base),ERROR,lambda,only rest
loko,0.0.0,(scheme base),ERROR,lcm,
loko,0.0.0,(scheme base),ERROR,length,
loko,0.0.0,(scheme base),ERROR,let,forms
loko,0.0.0,(scheme base),ERROR,let,no bindings
loko,0.0.0,(scheme base),ERROR,let,named
loko,0.0.0,(scheme base),ERROR,let*,
loko,0.0.0,(scheme base),ERROR,let*-values,
loko,0.0.0,(scheme base),ERROR,let-syntax,
loko,0.0.0,(scheme base),ERROR,let-values,multiple values
loko,0.0.0,(scheme base),ERROR,let-values,single list
loko,0.0.0,(scheme base),ERROR,letrec,
loko,0.0.0,(scheme base),ERROR,letrec*,
loko,0.0.0,(scheme base),ERROR,letrec-syntax,
loko,0.0.0,(scheme base),ERROR,list,
loko,0.0.0,(scheme base),ERROR,list->string,
loko,0.0.0,(scheme base),ERROR,list->vector,
loko,0.0.0,(scheme base),ERROR,list-copy,
loko,0.0.0,(scheme base),ERROR,list-ref,
loko,0.0.0,(scheme base),ERROR,list-set!,
loko,0.0.0,(scheme base),ERROR,list-tail,
loko,0.0.0,(scheme base),ERROR,list?,
loko,0.0.0,(scheme base),ERROR,make-bytevector,
loko,0.0.0,(scheme base),ERROR,make-list,
loko,0.0.0,(scheme base),ERROR,make-parameter,
loko,0.0.0,(scheme base),ERROR,make-parameter,converter
loko,0.0.0,(scheme base),ERROR,make-string,
loko,0.0.0,(scheme base),ERROR,make-string,fill
loko,0.0.0,(scheme base),ERROR,make-vector,
loko,0.0.0,(scheme base),ERROR,make-vector,fill
loko,0.0.0,(scheme base),ERROR,map,1 list
loko,0.0.0,(scheme base),ERROR,map,2 lists
loko,0.0.0,(scheme base),ERROR,map,3 lists, different length
loko,0.0.0,(scheme base),ERROR,max,
loko,0.0.0,(scheme base),ERROR,member,
loko,0.0.0,(scheme base),ERROR,member,comparator
loko,0.0.0,(scheme base),ERROR,memq,
loko,0.0.0,(scheme base),ERROR,memv,
loko,0.0.0,(scheme base),ERROR,min,
loko,0.0.0,(scheme base),ERROR,modulo,
loko,0.0.0,(scheme base),ERROR,negative?,
loko,0.0.0,(scheme base),ERROR,newline,
loko,0.0.0,(scheme base),ERROR,not,
loko,0.0.0,(scheme base),ERROR,null?,
loko,0.0.0,(scheme base),ERROR,number->string,
loko,0.0.0,(scheme base),ERROR,number?,
loko,0.0.0,(scheme base),ERROR,numerator,
loko,0.0.0,(scheme base),ERROR,odd?,
loko,0.0.0,(scheme base),ERROR,open-input-bytevector,
loko,0.0.0,(scheme base),ERROR,open-input-string,
loko,0.0.0,(scheme base),ERROR,open-output-bytevector,
loko,0.0.0,(scheme base),ERROR,open-output-string,
loko,0.0.0,(scheme base),ERROR,or,no forms
loko,0.0.0,(scheme base),ERROR,make-list,
loko,0.0.0,(scheme base),ERROR,or,short-circuit
loko,0.0.0,(scheme base),ERROR,output-port-open?,
loko,0.0.0,(scheme base),ERROR,output-port?,
loko,0.0.0,(scheme base),ERROR,parameterize,simple
loko,0.0.0,(scheme base),ERROR,parameterize,nested
loko,0.0.0,(scheme base),ERROR,peek-char,
loko,0.0.0,(scheme base),ERROR,peek-u8,
loko,0.0.0,(scheme base),ERROR,port?,
loko,0.0.0,(scheme base),ERROR,positive?,
loko,0.0.0,(scheme base),ERROR,procedure?,
loko,0.0.0,(scheme base),ERROR,quasiquote,
loko,0.0.0,(scheme base),ERROR,quote,
loko,0.0.0,(scheme base),ERROR,quotient,
loko,0.0.0,(scheme base),ERROR,raise,
loko,0.0.0,(scheme base),ERROR,raise-continuable,
loko,0.0.0,(scheme base),ERROR,rational?,
loko,0.0.0,(scheme base),ERROR,rationalize,
loko,0.0.0,(scheme base),ERROR,read-bytevector!,one parameter
loko,0.0.0,(scheme base),ERROR,read-bytevector!,two parameters
loko,0.0.0,(scheme base),ERROR,read-bytevector!,three parameters
loko,0.0.0,(scheme base),ERROR,read-bytevector!,four parameters
loko,0.0.0,(scheme base),ERROR,read-char,no arguments
loko,0.0.0,(scheme base),ERROR,read-char,one argument
loko,0.0.0,(scheme base),ERROR,read-error?,
loko,0.0.0,(scheme base),ERROR,read-line,no arguments
loko,0.0.0,(scheme base),ERROR,read-line,one argument
loko,0.0.0,(scheme base),ERROR,read-u8,no arguments
loko,0.0.0,(scheme base),ERROR,read-u8,one argument
loko,0.0.0,(scheme base),ERROR,real?,
loko,0.0.0,(scheme base),ERROR,remainder,
loko,0.0.0,(scheme base),ERROR,reverse,
loko,0.0.0,(scheme base),ERROR,round,
loko,0.0.0,(scheme base),ERROR,set!,
loko,0.0.0,(scheme base),ERROR,set-car!,
loko,0.0.0,(scheme base),ERROR,set-cdr!,
loko,0.0.0,(scheme base),ERROR,square,
loko,0.0.0,(scheme base),ERROR,string,
loko,0.0.0,(scheme base),ERROR,string->list,
loko,0.0.0,(scheme base),ERROR,string->list,start
loko,0.0.0,(scheme base),ERROR,string->list,start and end
loko,0.0.0,(scheme base),ERROR,string->number,
loko,0.0.0,(scheme base),ERROR,string->symbol,
loko,0.0.0,(scheme base),ERROR,string->utf8,
loko,0.0.0,(scheme base),ERROR,string->vector,
loko,0.0.0,(scheme base),ERROR,string->vector,start
loko,0.0.0,(scheme base),ERROR,string->vector,start and end
loko,0.0.0,(scheme base),ERROR,string-append,
loko,0.0.0,(scheme base),ERROR,string-copy,
loko,0.0.0,(scheme base),ERROR,string-copy,start
loko,0.0.0,(scheme base),ERROR,string-copy,start and end
loko,0.0.0,(scheme base),ERROR,string-copy!,
loko,0.0.0,(scheme base),ERROR,string-copy!,start
loko,0.0.0,(scheme base),ERROR,string-copy!,start and end
loko,0.0.0,(scheme base),ERROR,string-fill!,
loko,0.0.0,(scheme base),ERROR,string-fill!,start
loko,0.0.0,(scheme base),ERROR,string-fill!,start and end
loko,0.0.0,(scheme base),ERROR,string-for-each,2 strings, different length
loko,0.0.0,(scheme base),ERROR,string-length,
loko,0.0.0,(scheme base),ERROR,string-map,1 string
loko,0.0.0,(scheme base),ERROR,string>?,
loko,0.0.0,(scheme base),ERROR,string?,
loko,0.0.0,(scheme base),ERROR,substring,
loko,0.0.0,(scheme base),ERROR,symbol->string,
loko,0.0.0,(scheme base),ERROR,symbol=?,
loko,0.0.0,(scheme base),ERROR,symbol?,
loko,0.0.0,(scheme base),ERROR,syntax-rules,
loko,0.0.0,(scheme base),ERROR,textual-port?,
loko,0.0.0,(scheme base),ERROR,truncate,
loko,0.0.0,(scheme base),ERROR,truncate-quotient,
loko,0.0.0,(scheme base),ERROR,truncate-remainder,
loko,0.0.0,(scheme base),ERROR,truncate/,
loko,0.0.0,(scheme base),ERROR,unless,
loko,0.0.0,(scheme base),ERROR,assoc,comparator
loko,0.0.0,(scheme base),ERROR,unquote,
loko,0.0.0,(scheme base),ERROR,unquote-splicing,
loko,0.0.0,(scheme base),ERROR,assq,
loko,0.0.0,(scheme base),ERROR,vector->list,
loko,0.0.0,(scheme base),ERROR,boolean=?,
loko,0.0.0,(scheme base),ERROR,vector->list,start
loko,0.0.0,(scheme base),ERROR,boolean?,
loko,0.0.0,(scheme base),ERROR,vector->list,start and end
loko,0.0.0,(scheme base),ERROR,bytevector,
loko,0.0.0,(scheme base),ERROR,vector->string,
loko,0.0.0,(scheme base),ERROR,vector->string,start
loko,0.0.0,(scheme base),ERROR,bytevector-append,
loko,0.0.0,(scheme base),ERROR,bytevector-copy,3 args
loko,0.0.0,(scheme base),ERROR,vector->string,start and end
loko,0.0.0,(scheme base),ERROR,bytevector-copy,4 args
loko,0.0.0,(scheme base),ERROR,vector-append,
loko,0.0.0,(scheme base),ERROR,bytevector-copy,5 args
loko,0.0.0,(scheme base),ERROR,vector-copy,
loko,0.0.0,(scheme base),ERROR,bytevector-copy!,3 args
loko,0.0.0,(scheme base),ERROR,vector-copy,start
loko,0.0.0,(scheme base),ERROR,bytevector-copy!,4 args
loko,0.0.0,(scheme base),ERROR,vector-copy,start and end
loko,0.0.0,(scheme base),ERROR,bytevector-copy!,5 args
loko,0.0.0,(scheme base),ERROR,vector-copy!,
loko,0.0.0,(scheme base),ERROR,vector-copy!,start
loko,0.0.0,(scheme base),ERROR,bytevector-length,
loko,0.0.0,(scheme base),ERROR,vector-fill!,
loko,0.0.0,(scheme base),ERROR,vector-for-each,2 vectors, different length
loko,0.0.0,(scheme base),ERROR,call-with-current-continuation,
loko,0.0.0,(scheme base),ERROR,vector-length,
loko,0.0.0,(scheme base),ERROR,call-with-values,
loko,0.0.0,(scheme base),ERROR,vector-map,1 vector
loko,0.0.0,(scheme base),ERROR,call/cc,
loko,0.0.0,(scheme base),ERROR,vector-map,2 vectors, different length
loko,0.0.0,(scheme base),ERROR,car,
loko,0.0.0,(scheme base),ERROR,vector-ref,
loko,0.0.0,(scheme base),ERROR,case,else
loko,0.0.0,(scheme base),ERROR,vector-set!,
loko,0.0.0,(scheme base),ERROR,vector?,
loko,0.0.0,(scheme base),ERROR,case,=>
loko,0.0.0,(scheme base),ERROR,when,
loko,0.0.0,(scheme base),ERROR,cdar,
loko,0.0.0,(scheme base),ERROR,write-bytevector,two parameters
loko,0.0.0,(scheme base),ERROR,write-bytevector,three parameters
loko,0.0.0,(scheme base),ERROR,write-bytevector,four parameters
loko,0.0.0,(scheme base),ERROR,write-string,two parameters
loko,0.0.0,(scheme base),ERROR,char=?,two parameters
loko,0.0.0,(scheme base),ERROR,zero?,integer
loko,0.0.0,(scheme base),ERROR,zero?,float
loko,0.0.0,(scheme base),ERROR,literals,pair
loko,0.0.0,(scheme base),ERROR,literals,list
loko,0.0.0,(scheme base),ERROR,literals,improper list
loko,0.0.0,(scheme base),ERROR,literals,unquoted bytevector
loko,0.0.0,(scheme base),ERROR,literals,quoted bytevector
loko,0.0.0,(scheme base),ERROR,literals,unquoted vector
loko,0.0.0,(scheme base),ERROR,literals,quoted vector
loko,0.0.0,(scheme base),ERROR,literals,cyclic list
loko,0.0.0,(scheme base),ERROR,literals,named char alarm
loko,0.0.0,(scheme base),ERROR,literals,named char backspace
loko,0.0.0,(scheme base),ERROR,literals,named char delete
loko,0.0.0,(scheme base),ERROR,literals,named char escape
loko,0.0.0,(scheme base),ERROR,literals,named char newline
loko,0.0.0,(scheme base),ERROR,literals,named char null
loko,0.0.0,(scheme base),ERROR,literals,named char return
loko,0.0.0,(scheme base),ERROR,literals,named char space
loko,0.0.0,(scheme base),ERROR,literals,named char tab
loko,0.0.0,(scheme base),ERROR,literals,basic chars
loko,0.0.0,(scheme base),ERROR,literal,string
loko,0.0.0,(scheme base),ERROR,literal,string escape alarm
loko,0.0.0,(scheme base),ERROR,literal,string escape backspace
loko,0.0.0,(scheme base),ERROR,literal,string escape tab
loko,0.0.0,(scheme base),ERROR,literal,string escape linefeed
loko,0.0.0,(scheme base),ERROR,literal,string escape return
loko,0.0.0,(scheme base),ERROR,literal,string escape double quote
loko,0.0.0,(scheme base),ERROR,literal,string escape backslash
loko,0.0.0,(scheme base),ERROR,literal,string escape vertical line
loko,0.0.0,(scheme base),ERROR,literal,string with char hex escape
loko,0.0.0,(scheme base),ERROR,literals,boolean #t and #f
loko,0.0.0,(scheme base),ERROR,literals,boolean #true and #false
loko,0.0.0,(scheme base),ERROR,literals,float +nan.0
loko,0.0.0,(scheme base),ERROR,literals,float +inf.0
loko,0.0.0,(scheme base),ERROR,literals,float -nan.0
loko,0.0.0,(scheme base),ERROR,literals,float -inf.0
loko,0.0.0,(scheme base),ERROR,literals,rational
loko,0.0.0,(scheme case-lambda),ERROR,case-lambda,
loko,0.0.0,(scheme char),ERROR,char-alphabetic?,
loko,0.0.0,(scheme char),ERROR,char-ci<=?,
loko,0.0.0,(scheme char),ERROR,char-ci<?,
loko,0.0.0,(scheme char),ERROR,char-ci=?,
loko,0.0.0,(scheme char),ERROR,char-ci>=?,
loko,0.0.0,(scheme char),ERROR,char-ci>?,
loko,0.0.0,(scheme char),ERROR,char-downcase,
loko,0.0.0,(scheme char),ERROR,char-foldcase,
loko,0.0.0,(scheme char),ERROR,char-lower-case?,
loko,0.0.0,(scheme char),ERROR,char-numeric?,
loko,0.0.0,(scheme char),ERROR,char-upcase,
loko,0.0.0,(scheme char),ERROR,char-upper-case?,
loko,0.0.0,(scheme char),ERROR,char-whitespace?,
loko,0.0.0,(scheme char),ERROR,digit-value,ascii,
loko,0.0.0,(scheme char),ERROR,digit-value,unicode,٤ and ૦
loko,0.0.0,(scheme char),ERROR,string-ci<=?,
loko,0.0.0,(scheme char),ERROR,string-ci<?,
loko,0.0.0,(scheme char),ERROR,string-ci=?,
loko,0.0.0,(scheme char),ERROR,string-ci>=?,
loko,0.0.0,(scheme char),ERROR,string-ci>?,
loko,0.0.0,(scheme char),ERROR,string-downcase,
loko,0.0.0,(scheme char),ERROR,string-foldcase,
loko,0.0.0,(scheme char),ERROR,string-upcase,
loko,0.0.0,(scheme complex),ERROR,angle,
loko,0.0.0,(scheme complex),ERROR,imag-part,
loko,0.0.0,(scheme complex),ERROR,magnitude,
loko,0.0.0,(scheme complex),ERROR,make-polar,
loko,0.0.0,(scheme complex),ERROR,make-rectangular,
loko,0.0.0,(scheme complex),ERROR,real-part,
loko,0.0.0,(scheme cxr),ERROR,caaar,
loko,0.0.0,(scheme cxr),ERROR,caadr,
loko,0.0.0,(scheme cxr),ERROR,cadar,
loko,0.0.0,(scheme cxr),ERROR,caddr,
loko,0.0.0,(scheme cxr),ERROR,cdaar,
loko,0.0.0,(scheme cxr),ERROR,cdadr,
loko,0.0.0,(scheme cxr),ERROR,cddar,
loko,0.0.0,(scheme cxr),ERROR,cdddr,
loko,0.0.0,(scheme cxr),ERROR,cXr,
loko,0.0.0,(scheme eval),ERROR,eval,
loko,0.0.0,(scheme eval),ERROR,environment,
loko,0.0.0,(scheme file),ERROR,call-with-input-file,
loko,0.0.0,(scheme file),ERROR,call-with-output-file,
loko,0.0.0,(scheme file),ERROR,delete-file,
loko,0.0.0,(scheme file),ERROR,file-exists?,
loko,0.0.0,(scheme file),ERROR,open-binary-input-file,
loko,0.0.0,(scheme file),ERROR,open-binary-output-file,
loko,0.0.0,(scheme file),ERROR,open-input-file,
loko,0.0.0,(scheme file),ERROR,open-output-file,
loko,0.0.0,(scheme file),ERROR,with-input-from-file,
loko,0.0.0,(scheme file),ERROR,with-output-to-file,
loko,0.0.0,(scheme inexact),ERROR,acos,
loko,0.0.0,(scheme inexact),ERROR,asin,
loko,0.0.0,(scheme inexact),ERROR,atan,one parameter
loko,0.0.0,(scheme inexact),ERROR,atan,two parameters
loko,0.0.0,(scheme inexact),ERROR,cos,
loko,0.0.0,(scheme inexact),ERROR,exp,
loko,0.0.0,(scheme inexact),ERROR,finite?,
loko,0.0.0,(scheme inexact),ERROR,infinite?,
loko,0.0.0,(scheme inexact),ERROR,log,one parameter
loko,0.0.0,(scheme inexact),ERROR,log,two parameters
loko,0.0.0,(scheme inexact),ERROR,nan?,
loko,0.0.0,(scheme inexact),ERROR,sin,
loko,0.0.0,(scheme inexact),ERROR,sqrt,
loko,0.0.0,(scheme inexact),ERROR,tan,
loko,0.0.0,(scheme lazy),ERROR,delay,
loko,0.0.0,(scheme lazy),ERROR,delay-force,
loko,0.0.0,(scheme lazy),ERROR,force,
loko,0.0.0,(scheme lazy),ERROR,make-promise,
loko,0.0.0,(scheme lazy),ERROR,promise?,
loko,0.0.0,(scheme list),ERROR,xcons,
loko,0.0.0,(scheme list),ERROR,cons*,
loko,0.0.0,(scheme list),ERROR,make-list,
loko,0.0.0,(scheme list),ERROR,list-tabulate,
loko,0.0.0,(scheme list),ERROR,list-copy,
loko,0.0.0,(scheme list),ERROR,circular-list,
loko,0.0.0,(scheme list),ERROR,iota,
loko,0.0.0,(scheme list),ERROR,proper-list?,
loko,0.0.0,(scheme list),ERROR,circular-list?,
loko,0.0.0,(scheme list),ERROR,dotted-list?,
loko,0.0.0,(scheme list),ERROR,not-pair?,
loko,0.0.0,(scheme list),ERROR,null-list?,
loko,0.0.0,(scheme list),ERROR,list=,
loko,0.0.0,(scheme list),ERROR,second,
loko,0.0.0,(scheme base),ERROR,list-set!,
loko,0.0.0,(scheme list),ERROR,third,
loko,0.0.0,(scheme base),ERROR,list-tail,
loko,0.0.0,(scheme list),ERROR,fourth,
loko,0.0.0,(scheme base),ERROR,list?,
loko,0.0.0,(scheme list),ERROR,fifth,
loko,0.0.0,(scheme list),ERROR,sixth,
loko,0.0.0,(scheme base),ERROR,make-bytevector,
loko,0.0.0,(scheme list),ERROR,seventh,
loko,0.0.0,(scheme base),ERROR,make-list,
loko,0.0.0,(scheme list),ERROR,eighth,
loko,0.0.0,(scheme list),ERROR,ninth,
loko,0.0.0,(scheme list),ERROR,drop,
loko,0.0.0,(scheme list),ERROR,take-right,
loko,0.0.0,(scheme list),ERROR,drop-right,
loko,0.0.0,(scheme list),ERROR,take!,
loko,0.0.0,(scheme list),ERROR,drop-right!,
loko,0.0.0,(scheme list),ERROR,split-at,
loko,0.0.0,(scheme list),ERROR,split-at!,
loko,0.0.0,(scheme list),ERROR,last,
loko,0.0.0,(scheme list),ERROR,last-pair,
loko,0.0.0,(scheme list),ERROR,length+,
loko,0.0.0,(scheme list),ERROR,concatenate,
loko,0.0.0,(scheme list),ERROR,append!,
loko,0.0.0,(scheme list),ERROR,concatenate!,
loko,0.0.0,(scheme list),ERROR,reverse!,
loko,0.0.0,(scheme list),ERROR,append-reverse,
loko,0.0.0,(scheme list),ERROR,append-reverse!,
loko,0.0.0,(scheme list),ERROR,zip,
loko,0.0.0,(scheme list),ERROR,unzip1,
loko,0.0.0,(scheme list),ERROR,unzip2,
loko,0.0.0,(scheme list),ERROR,unzip3,
loko,0.0.0,(scheme list),ERROR,unzip4,
loko,0.0.0,(scheme list),ERROR,unzip5,
loko,0.0.0,(scheme list),ERROR,count,
loko,0.0.0,(scheme list),ERROR,fold,
loko,0.0.0,(scheme list),ERROR,unfold,
loko,0.0.0,(scheme list),ERROR,pair-fold,
loko,0.0.0,(scheme list),ERROR,reduce,
loko,0.0.0,(scheme list),ERROR,fold-right,
loko,0.0.0,(scheme list),ERROR,unfold-right,
loko,0.0.0,(scheme list),ERROR,pair-fold-right,
loko,0.0.0,(scheme list),ERROR,reduce-right,
loko,0.0.0,(scheme list),ERROR,append-map,
loko,0.0.0,(scheme list),ERROR,append-map!,
loko,0.0.0,(scheme list),ERROR,map!,
loko,0.0.0,(scheme list),ERROR,pair-for-each,
loko,0.0.0,(scheme list),ERROR,filter-map,
loko,0.0.0,(scheme list),ERROR,map-in-order,
loko,0.0.0,(scheme list),ERROR,filter,
loko,0.0.0,(scheme list),ERROR,partition,
loko,0.0.0,(scheme list),ERROR,remove,
loko,0.0.0,(scheme base),ERROR,raise-continuable,
loko,0.0.0,(scheme list),ERROR,filter!,
loko,0.0.0,(scheme list),ERROR,partition!,
loko,0.0.0,(scheme list),ERROR,remove!,
loko,0.0.0,(scheme list),ERROR,find,
loko,0.0.0,(scheme list),ERROR,find-tail,
loko,0.0.0,(scheme list),ERROR,any,
loko,0.0.0,(scheme list),ERROR,every,
loko,0.0.0,(scheme list),ERROR,list-index,
loko,0.0.0,(scheme list),ERROR,take-while,
loko,0.0.0,(scheme list),ERROR,drop-while,
loko,0.0.0,(scheme list),ERROR,take-while!,
loko,0.0.0,(scheme list),ERROR,span,
loko,0.0.0,(scheme list),ERROR,break,
loko,0.0.0,(scheme list),ERROR,span!,
loko,0.0.0,(scheme list),ERROR,break!,
loko,0.0.0,(scheme list),ERROR,delete,
loko,0.0.0,(scheme list),ERROR,delete-duplicates,
loko,0.0.0,(scheme list),ERROR,delete!,
loko,0.0.0,(scheme list),ERROR,delete-duplicates!,
loko,0.0.0,(scheme base),ERROR,set!,
loko,0.0.0,(scheme list),ERROR,alist-cons,
loko,0.0.0,(scheme list),ERROR,alist-copy,
loko,0.0.0,(scheme list),ERROR,alist-delete,
loko,0.0.0,(scheme list),ERROR,alist-delete!,
loko,0.0.0,(scheme list),ERROR,lset<=,
loko,0.0.0,(scheme list),ERROR,lset=,
loko,0.0.0,(scheme list),ERROR,lset-adjoin,
loko,0.0.0,(scheme list),ERROR,lset-union,
loko,0.0.0,(scheme list),ERROR,lset-union!,
loko,0.0.0,(scheme list),ERROR,lset-intersection,
loko,0.0.0,(scheme list),ERROR,lset-intersection!,
loko,0.0.0,(scheme list),ERROR,lset-difference,
loko,0.0.0,(scheme list),ERROR,lset-difference!,
loko,0.0.0,(scheme list),ERROR,lset-xor,
loko,0.0.0,(scheme list),ERROR,lset-xor!,
loko,0.0.0,(scheme list),ERROR,lset-diff+intersection,
loko,0.0.0,(scheme list),ERROR,lset-diff+intersection!,
loko,0.0.0,(scheme load),ERROR,load,
loko,0.0.0,(scheme process-context),ERROR,command-line,
loko,0.0.0,(scheme process-context),ERROR,emergency-exit,
loko,0.0.0,(scheme process-context),ERROR,exit,
loko,0.0.0,(scheme base),ERROR,string-fill!,start
loko,0.0.0,(scheme process-context),ERROR,get-environment-variable,
loko,0.0.0,(scheme base),ERROR,string-fill!,start and end
loko,0.0.0,(scheme process-context),ERROR,get-environment-variables,
loko,0.0.0,(scheme read),ERROR,read,
loko,0.0.0,(scheme repl),ERROR,interaction-environment,
loko,0.0.0,(scheme base),ERROR,string-map,1 string
loko,0.0.0,(scheme time),ERROR,current-jiffy,number?
loko,0.0.0,(scheme base),ERROR,string-map,2 strings, different length
loko,0.0.0,(scheme time),ERROR,current-jiffy,number?
loko,0.0.0,(scheme time),ERROR,current-jiffy,not negative?
loko,0.0.0,(scheme base),ERROR,string-set!,
loko,0.0.0,(scheme time),ERROR,current-jiffy,integer?
loko,0.0.0,(scheme base),ERROR,string<=?,
loko,0.0.0,(scheme time),ERROR,current-second,number?
loko,0.0.0,(scheme time),ERROR,current-second,inexact?
loko,0.0.0,(scheme base),ERROR,string=?,
loko,0.0.0,(scheme time),ERROR,current-second,correct range
loko,0.0.0,(scheme base),ERROR,string>=?,
loko,0.0.0,(scheme time),ERROR,jiffies-per-second,number?
loko,0.0.0,(scheme base),ERROR,string>?,
loko,0.0.0,(scheme time),ERROR,jiffies-per-second,exact?
loko,0.0.0,(scheme time),ERROR,jiffies-per-second,integer?
loko,0.0.0,(scheme write),ERROR,display,one argument
loko,0.0.0,(scheme write),ERROR,display,two arguments
loko,0.0.0,(scheme write),ERROR,write,one argument
loko,0.0.0,(scheme write),ERROR,write,two arguments
loko,0.0.0,(scheme write),ERROR,write-shared,
loko,0.0.0,(scheme base),ERROR,literals,named char alarm
loko,0.0.0,(scheme list),ERROR,xcons,
loko,0.0.0,(scheme list),ERROR,cons*,
loko,0.0.0,(scheme list),ERROR,make-list,
loko,0.0.0,(scheme list),ERROR,list-tabulate,
loko,0.0.0,(scheme list),ERROR,list-copy,
loko,0.0.0,(scheme list),ERROR,circular-list,
loko,0.0.0,(scheme list),ERROR,iota,
loko,0.0.0,(scheme list),ERROR,proper-list?,
loko,0.0.0,(scheme list),ERROR,circular-list?,
loko,0.0.0,(scheme list),ERROR,dotted-list?,
loko,0.0.0,(scheme list),ERROR,not-pair?,
loko,0.0.0,(scheme list),ERROR,null-list?,
loko,0.0.0,(scheme list),ERROR,list=,
loko,0.0.0,(scheme list),ERROR,first,
loko,0.0.0,(scheme list),ERROR,second,
loko,0.0.0,(scheme list),ERROR,third,
loko,0.0.0,(scheme list),ERROR,fourth,
loko,0.0.0,(scheme list),ERROR,fifth,
loko,0.0.0,(scheme list),ERROR,sixth,
loko,0.0.0,(scheme list),ERROR,seventh,
loko,0.0.0,(scheme list),ERROR,eighth,
loko,0.0.0,(scheme list),ERROR,ninth,
loko,0.0.0,(scheme list),ERROR,tenth,
loko,0.0.0,(scheme list),ERROR,car+cdr,
loko,0.0.0,(scheme list),ERROR,take,
loko,0.0.0,(scheme list),ERROR,drop,
loko,0.0.0,(scheme list),ERROR,take-right,
loko,0.0.0,(scheme list),ERROR,drop-right,
loko,0.0.0,(scheme list),ERROR,take!,
loko,0.0.0,(scheme list),ERROR,drop-right!,
loko,0.0.0,(scheme list),ERROR,split-at,
loko,0.0.0,(scheme list),ERROR,split-at!,
loko,0.0.0,(scheme list),ERROR,last,
loko,0.0.0,(scheme list),ERROR,last-pair,
loko,0.0.0,(scheme list),ERROR,length+,
loko,0.0.0,(scheme list),ERROR,concatenate,
loko,0.0.0,(scheme list),ERROR,append!,
loko,0.0.0,(scheme list),ERROR,concatenate!,
loko,0.0.0,(scheme list),ERROR,reverse!,
loko,0.0.0,(scheme list),ERROR,append-reverse,
loko,0.0.0,(scheme list),ERROR,append-reverse!,
loko,0.0.0,(scheme list),ERROR,zip,
loko,0.0.0,(scheme list),ERROR,unzip1,
loko,0.0.0,(scheme list),ERROR,unzip2,
loko,0.0.0,(scheme list),ERROR,unzip3,
loko,0.0.0,(scheme list),ERROR,unzip4,
loko,0.0.0,(scheme list),ERROR,unzip5,
loko,0.0.0,(scheme list),ERROR,count,
loko,0.0.0,(scheme list),ERROR,fold,
loko,0.0.0,(scheme list),ERROR,unfold,
loko,0.0.0,(scheme list),ERROR,pair-fold,
loko,0.0.0,(scheme list),ERROR,reduce,
loko,0.0.0,(scheme list),ERROR,fold-right,
loko,0.0.0,(scheme list),ERROR,unfold-right,
loko,0.0.0,(scheme list),ERROR,pair-fold-right,
loko,0.0.0,(scheme list),ERROR,reduce-right,
loko,0.0.0,(scheme list),ERROR,append-map,
loko,0.0.0,(scheme list),ERROR,append-map!,
loko,0.0.0,(scheme list),ERROR,map!,
loko,0.0.0,(scheme list),ERROR,pair-for-each,
loko,0.0.0,(scheme list),ERROR,filter-map,
loko,0.0.0,(scheme list),ERROR,map-in-order,
loko,0.0.0,(scheme list),ERROR,filter,
loko,0.0.0,(scheme list),ERROR,partition,
loko,0.0.0,(scheme list),ERROR,remove,
loko,0.0.0,(scheme list),ERROR,filter!,
loko,0.0.0,(scheme list),ERROR,partition!,
loko,0.0.0,(scheme list),ERROR,remove!,
loko,0.0.0,(scheme list),ERROR,find,
loko,0.0.0,(scheme list),ERROR,find-tail,
loko,0.0.0,(scheme list),ERROR,any,
loko,0.0.0,(scheme list),ERROR,every,
loko,0.0.0,(scheme list),ERROR,list-index,
loko,0.0.0,(scheme list),ERROR,take-while,
loko,0.0.0,(scheme list),ERROR,drop-while,
loko,0.0.0,(scheme list),ERROR,take-while!,
loko,0.0.0,(scheme list),ERROR,span,
loko,0.0.0,(scheme list),ERROR,break,
loko,0.0.0,(scheme list),ERROR,span!,
loko,0.0.0,(scheme list),ERROR,break!,
loko,0.0.0,(scheme list),ERROR,delete,
loko,0.0.0,(scheme list),ERROR,delete-duplicates,
loko,0.0.0,(scheme list),ERROR,delete!,
loko,0.0.0,(scheme list),ERROR,delete-duplicates!,
loko,0.0.0,(scheme list),ERROR,alist-cons,
loko,0.0.0,(scheme list),ERROR,alist-copy,
loko,0.0.0,(scheme list),ERROR,alist-delete,
loko,0.0.0,(scheme list),ERROR,alist-delete!,
loko,0.0.0,(scheme list),ERROR,lset<=,
loko,0.0.0,(scheme list),ERROR,lset=,
loko,0.0.0,(scheme list),ERROR,lset-adjoin,
loko,0.0.0,(scheme list),ERROR,lset-union,
loko,0.0.0,(scheme list),ERROR,lset-union!,
loko,0.0.0,(scheme list),ERROR,lset-intersection,
loko,0.0.0,(scheme list),ERROR,lset-intersection!,
loko,0.0.0,(scheme list),ERROR,lset-difference,
loko,0.0.0,(scheme list),ERROR,lset-difference!,
loko,0.0.0,(scheme list),ERROR,lset-xor,
loko,0.0.0,(scheme list),ERROR,lset-xor!,
loko,0.0.0,(scheme list),ERROR,lset-diff+intersection,
loko,0.0.0,(scheme list),ERROR,lset-diff+intersection!,
loko,0.0.0,(scheme time),ERROR,current-second,inexact?
loko,0.0.0,(scheme time),ERROR,current-second,correct range
loko,0.0.0,(scheme time),ERROR,jiffies-per-second,integer?
loko,0.0.0,(scheme write),ERROR,display,one argument
loko,0.0.0,(scheme write),ERROR,display,two arguments
loko,0.0.0,(scheme write),ERROR,write,one argument
loko,0.0.0,(scheme write),ERROR,write,two arguments
loko,0.0.0,(scheme write),ERROR,write-shared,
loko,0.0.0,(scheme write),ERROR,write-simple,
mosh,0.0.0,(scheme base),ERROR,*,no parameters
mosh,0.0.0,(scheme base),ERROR,*,one parameter
mosh,0.0.0,(scheme base),ERROR,*,more than two parameters
mosh,0.0.0,(scheme base),ERROR,+,no parameters
mosh,0.0.0,(scheme base),ERROR,+,one parameter
mosh,0.0.0,(scheme base),ERROR,+,more than two parameters
mosh,0.0.0,(scheme base),ERROR,-,one parameter
mosh,0.0.0,(scheme base),ERROR,-,more than two parameters
mosh,0.0.0,(scheme base),ERROR,/,one parameter
mosh,0.0.0,(scheme base),ERROR,/,more than two parameters
mosh,0.0.0,(scheme base),ERROR,<,two parameters
mosh,0.0.0,(scheme base),ERROR,<,more than two parameters
mosh,0.0.0,(scheme base),ERROR,<=,two parameters
mosh,0.0.0,(scheme base),ERROR,<=,more than two parameters
mosh,0.0.0,(scheme base),ERROR,=,two parameters
mosh,0.0.0,(scheme base),ERROR,=,more than two parameters
mosh,0.0.0,(scheme base),ERROR,>,two parameters
mosh,0.0.0,(scheme base),ERROR,>,more than two parameters
mosh,0.0.0,(scheme base),ERROR,>=,two parameters
mosh,0.0.0,(scheme base),ERROR,>=,more than two parameters
mosh,0.0.0,(scheme base),ERROR,abs,
mosh,0.0.0,(scheme base),ERROR,and,no forms
mosh,0.0.0,(scheme base),ERROR,and,short-circuit
mosh,0.0.0,(scheme base),ERROR,append,
mosh,0.0.0,(scheme base),ERROR,append,improper list
mosh,0.0.0,(scheme base),ERROR,append,not list
mosh,0.0.0,(scheme base),ERROR,apply,simple list
mosh,0.0.0,(scheme base),ERROR,apply,single arguments + list
mosh,0.0.0,(scheme base),ERROR,assoc,
mosh,0.0.0,(scheme base),ERROR,assoc,comparator
mosh,0.0.0,(scheme base),ERROR,assq,
mosh,0.0.0,(scheme base),ERROR,assv,
mosh,0.0.0,(scheme base),ERROR,begin,
mosh,0.0.0,(scheme base),ERROR,binary-port?,
mosh,0.0.0,(scheme base),ERROR,boolean=?,
mosh,0.0.0,(scheme base),ERROR,boolean?,
mosh,0.0.0,(scheme base),ERROR,bytevector,
mosh,0.0.0,(scheme base),ERROR,bytevector-append,
mosh,0.0.0,(scheme base),ERROR,bytevector-copy,3 args
mosh,0.0.0,(scheme base),ERROR,bytevector-copy,4 args
mosh,0.0.0,(scheme base),ERROR,bytevector-copy,5 args
mosh,0.0.0,(scheme base),ERROR,bytevector-copy!,3 args
mosh,0.0.0,(scheme base),ERROR,bytevector-copy!,4 args
mosh,0.0.0,(scheme base),ERROR,bytevector-copy!,5 args
mosh,0.0.0,(scheme base),ERROR,bytevector-length,
mosh,0.0.0,(scheme base),ERROR,bytevector-u8-ref,
mosh,0.0.0,(scheme base),ERROR,bytevector-u8-set!,
mosh,0.0.0,(scheme base),ERROR,bytevector?,
mosh,0.0.0,(scheme base),ERROR,caar,
mosh,0.0.0,(scheme base),ERROR,cadr,
mosh,0.0.0,(scheme base),ERROR,call-with-current-continuation,
mosh,0.0.0,(scheme base),ERROR,call-with-port,
mosh,0.0.0,(scheme base),ERROR,call-with-values,
mosh,0.0.0,(scheme base),ERROR,call/cc,
mosh,0.0.0,(scheme base),ERROR,car,
mosh,0.0.0,(scheme base),ERROR,case,else
mosh,0.0.0,(scheme base),ERROR,case,=>
mosh,0.0.0,(scheme base),ERROR,cdar,
mosh,0.0.0,(scheme base),ERROR,cddr,
mosh,0.0.0,(scheme base),ERROR,cdr,
mosh,0.0.0,(scheme base),ERROR,ceiling,
mosh,0.0.0,(scheme base),ERROR,char->integer,
mosh,0.0.0,(scheme base),ERROR,char-ready?,
mosh,0.0.0,(scheme base),ERROR,char<=?,
mosh,0.0.0,(scheme base),ERROR,char<?,
mosh,0.0.0,(scheme base),ERROR,char=?,two parameters
mosh,0.0.0,(scheme base),ERROR,char=?,three parameters
mosh,0.0.0,(scheme base),ERROR,char>=?,
mosh,0.0.0,(scheme base),ERROR,char>?,
mosh,0.0.0,(scheme base),ERROR,char?,character #\a
mosh,0.0.0,(scheme base),ERROR,char?,integer 3 not char
mosh,0.0.0,(scheme base),ERROR,close-input-port,
mosh,0.0.0,(scheme base),ERROR,close-output-port,
mosh,0.0.0,(scheme base),ERROR,close-port,
mosh,0.0.0,(scheme base),ERROR,complex?,not symbol 'a
mosh,0.0.0,(scheme base),ERROR,complex?,integer 3
mosh,0.0.0,(scheme base),ERROR,complex?,complex literal 3+1i
mosh,0.0.0,(scheme base),ERROR,cond,else
mosh,0.0.0,(scheme base),ERROR,cond,=>
mosh,0.0.0,(scheme base),ERROR,cond-expand,else
mosh,0.0.0,(scheme base),ERROR,cond-expand,r7rs
mosh,0.0.0,(scheme base),ERROR,cond-expand,library scheme base
mosh,0.0.0,(scheme base),ERROR,cond-expand,or
mosh,0.0.0,(scheme base),ERROR,cond-expand,and
mosh,0.0.0,(scheme base),ERROR,cond-expand,not
mosh,0.0.0,(scheme base),ERROR,cons,
mosh,0.0.0,(scheme base),ERROR,current-error-port,
mosh,0.0.0,(scheme base),ERROR,current-input-port,
mosh,0.0.0,(scheme base),ERROR,current-output-port,
mosh,0.0.0,(scheme base),ERROR,define,value
mosh,0.0.0,(scheme base),ERROR,define,function, 1 parameter
mosh,0.0.0,(scheme base),ERROR,define,function, 3 parameters
mosh,0.0.0,(scheme base),ERROR,define,function, rest parameter
mosh,0.0.0,(scheme base),ERROR,define,function, only rest parameter
mosh,0.0.0,(scheme base),ERROR,define-record-type,
mosh,0.0.0,(scheme base),ERROR,define-syntax,
mosh,0.0.0,(scheme base),ERROR,define-values,
mosh,0.0.0,(scheme base),ERROR,denominator,
mosh,0.0.0,(scheme base),ERROR,do,
mosh,0.0.0,(scheme base),ERROR,dynamic-wind,
mosh,0.0.0,(scheme base),ERROR,eof-object,
mosh,0.0.0,(scheme base),ERROR,eof-object?,
mosh,0.0.0,(scheme base),ERROR,eq?,symbols
mosh,0.0.0,(scheme base),ERROR,eq?,different lists
mosh,0.0.0,(scheme base),ERROR,eq?,null
mosh,0.0.0,(scheme base),ERROR,eq?,function
mosh,0.0.0,(scheme base),ERROR,eq?,vector
mosh,0.0.0,(scheme base),ERROR,eq?,same function
mosh,0.0.0,(scheme base),ERROR,equal?,symbols
mosh,0.0.0,(scheme base),ERROR,equal?,lists
mosh,0.0.0,(scheme base),ERROR,equals?,strings
mosh,0.0.0,(scheme base),ERROR,equals?,vectors
mosh,0.0.0,(scheme base),ERROR,equals?,cyclic list with set-cdr
mosh,0.0.0,(scheme base),ERROR,equals?,cyclic list literal
mosh,0.0.0,(scheme base),ERROR,eqv?,true
mosh,0.0.0,(scheme base),ERROR,eqv?,false
mosh,0.0.0,(scheme base),ERROR,eqv?,symbol
mosh,0.0.0,(scheme base),ERROR,eqv?,integer
mosh,0.0.0,(scheme base),ERROR,eqv?,real
mosh,0.0.0,(scheme base),ERROR,eqv?,char
mosh,0.0.0,(scheme base),ERROR,eqv?,null
mosh,0.0.0,(scheme base),ERROR,eqv?,pair
mosh,0.0.0,(scheme base),ERROR,eqv?,vector
mosh,0.0.0,(scheme base),ERROR,eqv?,string
mosh,0.0.0,(scheme base),ERROR,eqv?,bytevector
mosh,0.0.0,(scheme base),ERROR,eqv?,function
mosh,0.0.0,(scheme base),ERROR,eqv?,different booleans
mosh,0.0.0,(scheme base),ERROR,eqv?,different symbols
mosh,0.0.0,(scheme base),ERROR,eqv?,integer and real
mosh,0.0.0,(scheme base),ERROR,eqv?,different integers
mosh,0.0.0,(scheme base),ERROR,eqv?,different chars
mosh,0.0.0,(scheme base),ERROR,eqv?,different list literals
mosh,0.0.0,(scheme base),ERROR,eqv?,different lists
mosh,0.0.0,(scheme base),ERROR,eqv?,different vectors
mosh,0.0.0,(scheme base),ERROR,eqv?,different strings
mosh,0.0.0,(scheme base),ERROR,eqv?,different bytevectors
mosh,0.0.0,(scheme base),ERROR,error,
mosh,0.0.0,(scheme base),ERROR,error-object-irritants,
mosh,0.0.0,(scheme base),ERROR,error-object-message,
mosh,0.0.0,(scheme base),ERROR,error-object?,
mosh,0.0.0,(scheme base),ERROR,even?,
mosh,0.0.0,(scheme base),ERROR,exact,
mosh,0.0.0,(scheme base),ERROR,exact-integer-sqrt,
mosh,0.0.0,(scheme base),ERROR,exact-integer?,
mosh,0.0.0,(scheme base),ERROR,exact?,
mosh,0.0.0,(scheme base),ERROR,expt,
mosh,0.0.0,(scheme base),ERROR,expt,0^0
mosh,0.0.0,(scheme base),ERROR,expt,0^1
mosh,0.0.0,(scheme base),ERROR,features,list of symbols
mosh,0.0.0,(scheme base),ERROR,features,contains 'r7rs
mosh,0.0.0,(scheme base),ERROR,file-error?,
mosh,0.0.0,(scheme base),ERROR,floor,
mosh,0.0.0,(scheme base),ERROR,floor-quotient,
mosh,0.0.0,(scheme base),ERROR,floor-remainder,
mosh,0.0.0,(scheme base),ERROR,floor/,
mosh,0.0.0,(scheme base),ERROR,flush-output-port,
mosh,0.0.0,(scheme base),ERROR,for-each,1 list
mosh,0.0.0,(scheme base),ERROR,for-each,2 lists, different length
mosh,0.0.0,(scheme base),ERROR,gcd,
mosh,0.0.0,(scheme base),ERROR,get-output-bytevector,
mosh,0.0.0,(scheme base),ERROR,get-output-string,
mosh,0.0.0,(scheme base),ERROR,guard,
mosh,0.0.0,(scheme base),ERROR,if,
mosh,0.0.0,(scheme base),ERROR,if,no else
mosh,0.0.0,(scheme base),ERROR,inexact?,
mosh,0.0.0,(scheme base),ERROR,inexact,
mosh,0.0.0,(scheme base),ERROR,input-port-open?,
mosh,0.0.0,(scheme base),ERROR,input-port?,
mosh,0.0.0,(scheme base),ERROR,integer->char,
mosh,0.0.0,(scheme base),ERROR,integer?,
mosh,0.0.0,(scheme base),ERROR,lambda,
mosh,0.0.0,(scheme base),ERROR,lambda,rest
mosh,0.0.0,(scheme base),ERROR,lambda,only rest
mosh,0.0.0,(scheme base),ERROR,lcm,
mosh,0.0.0,(scheme base),ERROR,length,
mosh,0.0.0,(scheme base),ERROR,let,forms
mosh,0.0.0,(scheme base),ERROR,let,no bindings
mosh,0.0.0,(scheme base),ERROR,let,named
mosh,0.0.0,(scheme base),ERROR,let*,
mosh,0.0.0,(scheme base),ERROR,let*-values,
mosh,0.0.0,(scheme base),ERROR,let-syntax,
mosh,0.0.0,(scheme base),ERROR,let-values,multiple values
mosh,0.0.0,(scheme base),ERROR,let-values,single list
mosh,0.0.0,(scheme base),ERROR,letrec,
mosh,0.0.0,(scheme base),ERROR,letrec*,
mosh,0.0.0,(scheme base),ERROR,letrec-syntax,
mosh,0.0.0,(scheme base),ERROR,list,
mosh,0.0.0,(scheme base),ERROR,list->string,
mosh,0.0.0,(scheme base),ERROR,list->vector,
mosh,0.0.0,(scheme base),ERROR,list-copy,
mosh,0.0.0,(scheme base),ERROR,list-ref,
mosh,0.0.0,(scheme base),ERROR,list-set!,
mosh,0.0.0,(scheme base),ERROR,list-tail,
mosh,0.0.0,(scheme base),ERROR,list?,
mosh,0.0.0,(scheme base),ERROR,make-bytevector,
mosh,0.0.0,(scheme base),ERROR,make-list,
mosh,0.0.0,(scheme base),ERROR,make-parameter,
mosh,0.0.0,(scheme base),ERROR,make-parameter,converter
mosh,0.0.0,(scheme base),ERROR,make-string,
mosh,0.0.0,(scheme base),ERROR,make-string,fill
mosh,0.0.0,(scheme base),ERROR,make-vector,
mosh,0.0.0,(scheme base),ERROR,make-vector,fill
mosh,0.0.0,(scheme base),ERROR,map,1 list
mosh,0.0.0,(scheme base),ERROR,map,2 lists
mosh,0.0.0,(scheme base),ERROR,map,3 lists, different length
mosh,0.0.0,(scheme base),ERROR,max,
mosh,0.0.0,(scheme base),ERROR,member,
mosh,0.0.0,(scheme base),ERROR,member,comparator
mosh,0.0.0,(scheme base),ERROR,memq,
mosh,0.0.0,(scheme base),ERROR,memv,
mosh,0.0.0,(scheme base),ERROR,min,
mosh,0.0.0,(scheme base),ERROR,modulo,
mosh,0.0.0,(scheme base),ERROR,negative?,
mosh,0.0.0,(scheme base),ERROR,newline,
mosh,0.0.0,(scheme base),ERROR,not,
mosh,0.0.0,(scheme base),ERROR,null?,
mosh,0.0.0,(scheme base),ERROR,number->string,
mosh,0.0.0,(scheme base),ERROR,number?,
mosh,0.0.0,(scheme base),ERROR,numerator,
mosh,0.0.0,(scheme base),ERROR,odd?,
mosh,0.0.0,(scheme base),ERROR,open-input-bytevector,
mosh,0.0.0,(scheme base),ERROR,open-input-string,
mosh,0.0.0,(scheme base),ERROR,open-output-bytevector,
mosh,0.0.0,(scheme base),ERROR,open-output-string,
mosh,0.0.0,(scheme base),ERROR,or,no forms
mosh,0.0.0,(scheme base),ERROR,or,short-circuit
mosh,0.0.0,(scheme base),ERROR,output-port-open?,
mosh,0.0.0,(scheme base),ERROR,output-port?,
mosh,0.0.0,(scheme base),ERROR,pair?,
mosh,0.0.0,(scheme base),ERROR,parameterize,simple
mosh,0.0.0,(scheme base),ERROR,parameterize,nested
mosh,0.0.0,(scheme base),ERROR,peek-char,
mosh,0.0.0,(scheme base),ERROR,peek-u8,
mosh,0.0.0,(scheme base),ERROR,port?,
mosh,0.0.0,(scheme base),ERROR,positive?,
mosh,0.0.0,(scheme base),ERROR,procedure?,
mosh,0.0.0,(scheme base),ERROR,quasiquote,
mosh,0.0.0,(scheme base),ERROR,quote,
mosh,0.0.0,(scheme base),ERROR,quotient,
mosh,0.0.0,(scheme base),ERROR,raise,
mosh,0.0.0,(scheme base),ERROR,raise-continuable,
mosh,0.0.0,(scheme base),ERROR,rational?,
mosh,0.0.0,(scheme base),ERROR,rationalize,
mosh,0.0.0,(scheme base),ERROR,read-bytevector!,one parameter
mosh,0.0.0,(scheme base),ERROR,read-bytevector!,two parameters
mosh,0.0.0,(scheme base),ERROR,read-bytevector!,three parameters
mosh,0.0.0,(scheme base),ERROR,read-bytevector!,four parameters
mosh,0.0.0,(scheme base),ERROR,read-char,no arguments
mosh,0.0.0,(scheme base),ERROR,read-char,one argument
mosh,0.0.0,(scheme base),ERROR,read-error?,
mosh,0.0.0,(scheme base),ERROR,read-line,no arguments
mosh,0.0.0,(scheme base),ERROR,read-line,one argument
mosh,0.0.0,(scheme base),ERROR,read-u8,no arguments
mosh,0.0.0,(scheme base),ERROR,read-u8,one argument
mosh,0.0.0,(scheme base),ERROR,real?,
mosh,0.0.0,(scheme base),ERROR,remainder,
mosh,0.0.0,(scheme base),ERROR,reverse,
mosh,0.0.0,(scheme base),ERROR,round,
mosh,0.0.0,(scheme base),ERROR,set!,
mosh,0.0.0,(scheme base),ERROR,set-car!,
mosh,0.0.0,(scheme base),ERROR,set-cdr!,
mosh,0.0.0,(scheme base),ERROR,square,
mosh,0.0.0,(scheme base),ERROR,string,
mosh,0.0.0,(scheme base),ERROR,string->list,
mosh,0.0.0,(scheme base),ERROR,string->list,start
mosh,0.0.0,(scheme base),ERROR,string->list,start and end
mosh,0.0.0,(scheme base),ERROR,string->number,
mosh,0.0.0,(scheme base),ERROR,string->symbol,
mosh,0.0.0,(scheme base),ERROR,string->utf8,
mosh,0.0.0,(scheme base),ERROR,string->vector,
mosh,0.0.0,(scheme base),ERROR,string->vector,start
mosh,0.0.0,(scheme base),ERROR,string->vector,start and end
mosh,0.0.0,(scheme base),ERROR,string-append,
mosh,0.0.0,(scheme base),ERROR,string-copy,
mosh,0.0.0,(scheme base),ERROR,string-copy,start
mosh,0.0.0,(scheme base),ERROR,string-copy,start and end
mosh,0.0.0,(scheme base),ERROR,string-copy!,
mosh,0.0.0,(scheme base),ERROR,string-copy!,start
mosh,0.0.0,(scheme base),ERROR,string-copy!,start and end
mosh,0.0.0,(scheme base),ERROR,string-fill!,
mosh,0.0.0,(scheme base),ERROR,string-fill!,start
mosh,0.0.0,(scheme base),ERROR,string-fill!,start and end
mosh,0.0.0,(scheme base),ERROR,string-for-each,2 strings, different length
mosh,0.0.0,(scheme base),ERROR,string-length,
mosh,0.0.0,(scheme base),ERROR,string-map,1 string
mosh,0.0.0,(scheme base),ERROR,string-map,2 strings, different length
mosh,0.0.0,(scheme base),ERROR,string-ref,
mosh,0.0.0,(scheme base),ERROR,string-set!,
mosh,0.0.0,(scheme base),ERROR,string<=?,
mosh,0.0.0,(scheme base),ERROR,string<?,
mosh,0.0.0,(scheme base),ERROR,string=?,
mosh,0.0.0,(scheme base),ERROR,string>=?,
mosh,0.0.0,(scheme base),ERROR,string>?,
mosh,0.0.0,(scheme base),ERROR,string?,
mosh,0.0.0,(scheme base),ERROR,substring,
mosh,0.0.0,(scheme base),ERROR,symbol->string,
mosh,0.0.0,(scheme base),ERROR,symbol=?,
mosh,0.0.0,(scheme base),ERROR,symbol?,
mosh,0.0.0,(scheme base),ERROR,syntax-rules,
mosh,0.0.0,(scheme base),ERROR,textual-port?,
mosh,0.0.0,(scheme base),ERROR,truncate,
mosh,0.0.0,(scheme base),ERROR,truncate-quotient,
mosh,0.0.0,(scheme base),ERROR,truncate-remainder,
mosh,0.0.0,(scheme base),ERROR,truncate/,
mosh,0.0.0,(scheme base),ERROR,u8-ready?,
mosh,0.0.0,(scheme base),ERROR,unless,
mosh,0.0.0,(scheme base),ERROR,unquote,
mosh,0.0.0,(scheme base),ERROR,unquote-splicing,
mosh,0.0.0,(scheme base),ERROR,utf8->string,
mosh,0.0.0,(scheme base),ERROR,vector,
mosh,0.0.0,(scheme base),ERROR,vector->list,
mosh,0.0.0,(scheme base),ERROR,vector->list,start
mosh,0.0.0,(scheme base),ERROR,vector->list,start and end
mosh,0.0.0,(scheme base),ERROR,vector->string,
mosh,0.0.0,(scheme base),ERROR,vector->string,start
mosh,0.0.0,(scheme base),ERROR,vector->string,start and end
mosh,0.0.0,(scheme base),ERROR,vector-append,
mosh,0.0.0,(scheme base),ERROR,vector-copy,
mosh,0.0.0,(scheme base),ERROR,vector-copy,start
mosh,0.0.0,(scheme base),ERROR,vector-copy,start and end
mosh,0.0.0,(scheme base),ERROR,vector-copy!,
mosh,0.0.0,(scheme base),ERROR,vector-copy!,start
mosh,0.0.0,(scheme base),ERROR,vector-copy!,start and end
mosh,0.0.0,(scheme base),ERROR,vector-fill!,
mosh,0.0.0,(scheme base),ERROR,vector-fill!,start
mosh,0.0.0,(scheme base),ERROR,vector-fill!,start and end
mosh,0.0.0,(scheme base),ERROR,vector-for-each,1 vector
mosh,0.0.0,(scheme base),ERROR,vector-for-each,2 vectors, different length
mosh,0.0.0,(scheme base),ERROR,vector-length,
mosh,0.0.0,(scheme base),ERROR,vector-map,1 vector
mosh,0.0.0,(scheme base),ERROR,vector-map,2 vectors, different length
mosh,0.0.0,(scheme base),ERROR,vector-ref,
mosh,0.0.0,(scheme base),ERROR,vector-set!,
mosh,0.0.0,(scheme base),ERROR,vector?,
mosh,0.0.0,(scheme base),ERROR,when,
mosh,0.0.0,(scheme base),ERROR,with-exception-handler,
mosh,0.0.0,(scheme base),ERROR,write-bytevector,one parameter
mosh,0.0.0,(scheme base),ERROR,write-bytevector,two parameters
mosh,0.0.0,(scheme base),ERROR,write-bytevector,three parameters
mosh,0.0.0,(scheme base),ERROR,write-bytevector,four parameters
mosh,0.0.0,(scheme base),ERROR,write-char,
mosh,0.0.0,(scheme base),ERROR,write-string,one parameter
mosh,0.0.0,(scheme base),ERROR,write-string,two parameters
mosh,0.0.0,(scheme base),ERROR,write-string,three parameters
mosh,0.0.0,(scheme base),ERROR,write-string,four parameters
mosh,0.0.0,(scheme base),ERROR,write-u8,
mosh,0.0.0,(scheme base),ERROR,zero?,integer
mosh,0.0.0,(scheme base),ERROR,zero?,float
mosh,0.0.0,(scheme base),ERROR,literals,pair
mosh,0.0.0,(scheme base),ERROR,literals,list
mosh,0.0.0,(scheme base),ERROR,literals,improper list
mosh,0.0.0,(scheme base),ERROR,literals,unquoted bytevector
mosh,0.0.0,(scheme base),ERROR,literals,quoted bytevector
mosh,0.0.0,(scheme base),ERROR,literals,unquoted vector
mosh,0.0.0,(scheme base),ERROR,literals,quoted vector
mosh,0.0.0,(scheme base),ERROR,literals,cyclic list
mosh,0.0.0,(scheme base),ERROR,literals,named char alarm
mosh,0.0.0,(scheme base),ERROR,literals,named char backspace
mosh,0.0.0,(scheme base),ERROR,literals,named char delete
mosh,0.0.0,(scheme base),ERROR,literals,named char escape
mosh,0.0.0,(scheme base),ERROR,literals,named char newline
mosh,0.0.0,(scheme base),ERROR,literals,named char null
mosh,0.0.0,(scheme base),ERROR,literals,named char return
mosh,0.0.0,(scheme base),ERROR,literals,named char space
mosh,0.0.0,(scheme base),ERROR,literals,named char tab
mosh,0.0.0,(scheme base),ERROR,literals,basic chars
mosh,0.0.0,(scheme base),ERROR,literal,string
mosh,0.0.0,(scheme base),ERROR,literal,string escape alarm
mosh,0.0.0,(scheme base),ERROR,literal,string escape backspace
mosh,0.0.0,(scheme base),ERROR,literal,string escape tab
mosh,0.0.0,(scheme base),ERROR,literal,string escape linefeed
mosh,0.0.0,(scheme base),ERROR,literal,string escape return
mosh,0.0.0,(scheme base),ERROR,literal,string escape double quote
mosh,0.0.0,(scheme base),ERROR,literal,string escape backslash
mosh,0.0.0,(scheme base),ERROR,literal,string escape vertical line
mosh,0.0.0,(scheme base),ERROR,literal,string with char hex escape
mosh,0.0.0,(scheme base),ERROR,literals,boolean #t and #f
mosh,0.0.0,(scheme base),ERROR,literals,boolean #true and #false
mosh,0.0.0,(scheme base),ERROR,literals,float +nan.0
mosh,0.0.0,(scheme base),ERROR,literals,float +inf.0
mosh,0.0.0,(scheme base),ERROR,literals,float -nan.0
mosh,0.0.0,(scheme base),ERROR,literals,float -inf.0
mosh,0.0.0,(scheme base),ERROR,literals,rational
mosh,0.0.0,(scheme case-lambda),ERROR,case-lambda,
mosh,0.0.0,(scheme char),ERROR,char-alphabetic?,
mosh,0.0.0,(scheme char),ERROR,char-ci<=?,
mosh,0.0.0,(scheme char),ERROR,char-ci<?,
mosh,0.0.0,(scheme char),ERROR,char-ci=?,
mosh,0.0.0,(scheme char),ERROR,char-ci>=?,
mosh,0.0.0,(scheme char),ERROR,char-ci>?,
mosh,0.0.0,(scheme char),ERROR,char-downcase,
mosh,0.0.0,(scheme char),ERROR,char-foldcase,
mosh,0.0.0,(scheme char),ERROR,char-lower-case?,
mosh,0.0.0,(scheme char),ERROR,char-numeric?,
mosh,0.0.0,(scheme char),ERROR,char-upcase,
mosh,0.0.0,(scheme char),ERROR,char-upper-case?,
mosh,0.0.0,(scheme char),ERROR,char-whitespace?,
mosh,0.0.0,(scheme char),ERROR,digit-value,ascii,
mosh,0.0.0,(scheme char),ERROR,digit-value,unicode,٤ and ૦
mosh,0.0.0,(scheme char),ERROR,string-ci<=?,
mosh,0.0.0,(scheme char),ERROR,string-ci<?,
mosh,0.0.0,(scheme char),ERROR,string-ci=?,
mosh,0.0.0,(scheme char),ERROR,string-ci>=?,
mosh,0.0.0,(scheme char),ERROR,string-ci>?,
mosh,0.0.0,(scheme char),ERROR,string-downcase,
mosh,0.0.0,(scheme char),ERROR,string-foldcase,
mosh,0.0.0,(scheme char),ERROR,string-upcase,
mosh,0.0.0,(scheme complex),ERROR,angle,
mosh,0.0.0,(scheme complex),ERROR,imag-part,
mosh,0.0.0,(scheme complex),ERROR,magnitude,
mosh,0.0.0,(scheme complex),ERROR,make-polar,
mosh,0.0.0,(scheme complex),ERROR,make-rectangular,
mosh,0.0.0,(scheme complex),ERROR,real-part,
mosh,0.0.0,(scheme cxr),ERROR,caaar,
mosh,0.0.0,(scheme cxr),ERROR,caadr,
mosh,0.0.0,(scheme cxr),ERROR,cadar,
mosh,0.0.0,(scheme cxr),ERROR,caddr,
mosh,0.0.0,(scheme cxr),ERROR,cdaar,
mosh,0.0.0,(scheme cxr),ERROR,cdadr,
mosh,0.0.0,(scheme cxr),ERROR,cddar,
mosh,0.0.0,(scheme cxr),ERROR,cdddr,
mosh,0.0.0,(scheme cxr),ERROR,cXr,
mosh,0.0.0,(scheme eval),ERROR,eval,
mosh,0.0.0,(scheme eval),ERROR,environment,
mosh,0.0.0,(scheme file),ERROR,call-with-input-file,
mosh,0.0.0,(scheme file),ERROR,call-with-output-file,
mosh,0.0.0,(scheme file),ERROR,delete-file,
mosh,0.0.0,(scheme file),ERROR,file-exists?,
mosh,0.0.0,(scheme file),ERROR,open-binary-input-file,
mosh,0.0.0,(scheme file),ERROR,open-binary-output-file,
mosh,0.0.0,(scheme file),ERROR,open-input-file,
mosh,0.0.0,(scheme file),ERROR,open-output-file,
mosh,0.0.0,(scheme file),ERROR,with-input-from-file,
mosh,0.0.0,(scheme file),ERROR,with-output-to-file,
mosh,0.0.0,(scheme inexact),ERROR,acos,
mosh,0.0.0,(scheme inexact),ERROR,asin,
mosh,0.0.0,(scheme inexact),ERROR,atan,one parameter
mosh,0.0.0,(scheme inexact),ERROR,atan,two parameters
mosh,0.0.0,(scheme inexact),ERROR,cos,
mosh,0.0.0,(scheme inexact),ERROR,exp,
mosh,0.0.0,(scheme inexact),ERROR,finite?,
mosh,0.0.0,(scheme inexact),ERROR,infinite?,
mosh,0.0.0,(scheme inexact),ERROR,log,one parameter
mosh,0.0.0,(scheme inexact),ERROR,log,two parameters
mosh,0.0.0,(scheme inexact),ERROR,nan?,
mosh,0.0.0,(scheme inexact),ERROR,sin,
mosh,0.0.0,(scheme inexact),ERROR,sqrt,
mosh,0.0.0,(scheme inexact),ERROR,tan,
mosh,0.0.0,(scheme lazy),ERROR,delay,
mosh,0.0.0,(scheme lazy),ERROR,delay-force,
mosh,0.0.0,(scheme lazy),ERROR,force,
mosh,0.0.0,(scheme lazy),ERROR,make-promise,
mosh,0.0.0,(scheme lazy),ERROR,promise?,
mosh,0.0.0,(scheme list),ERROR,xcons,
mosh,0.0.0,(scheme list),ERROR,cons*,
mosh,0.0.0,(scheme list),ERROR,make-list,
mosh,0.0.0,(scheme list),ERROR,list-tabulate,
mosh,0.0.0,(scheme list),ERROR,list-copy,
mosh,0.0.0,(scheme list),ERROR,circular-list,
mosh,0.0.0,(scheme list),ERROR,iota,
mosh,0.0.0,(scheme list),ERROR,proper-list?,
mosh,0.0.0,(scheme list),ERROR,circular-list?,
mosh,0.0.0,(scheme list),ERROR,dotted-list?,
mosh,0.0.0,(scheme list),ERROR,not-pair?,
mosh,0.0.0,(scheme list),ERROR,null-list?,
mosh,0.0.0,(scheme list),ERROR,list=,
mosh,0.0.0,(scheme list),ERROR,first,
mosh,0.0.0,(scheme list),ERROR,second,
mosh,0.0.0,(scheme list),ERROR,third,
mosh,0.0.0,(scheme list),ERROR,fourth,
mosh,0.0.0,(scheme list),ERROR,fifth,
mosh,0.0.0,(scheme list),ERROR,sixth,
mosh,0.0.0,(scheme list),ERROR,seventh,
mosh,0.0.0,(scheme list),ERROR,eighth,
mosh,0.0.0,(scheme list),ERROR,ninth,
mosh,0.0.0,(scheme list),ERROR,tenth,
mosh,0.0.0,(scheme list),ERROR,car+cdr,
mosh,0.0.0,(scheme list),ERROR,take,
mosh,0.0.0,(scheme list),ERROR,drop,
mosh,0.0.0,(scheme list),ERROR,take-right,
mosh,0.0.0,(scheme list),ERROR,drop-right,
mosh,0.0.0,(scheme list),ERROR,take!,
mosh,0.0.0,(scheme list),ERROR,drop-right!,
mosh,0.0.0,(scheme list),ERROR,split-at,
mosh,0.0.0,(scheme list),ERROR,split-at!,
mosh,0.0.0,(scheme list),ERROR,last,
mosh,0.0.0,(scheme list),ERROR,last-pair,
mosh,0.0.0,(scheme list),ERROR,length+,
mosh,0.0.0,(scheme list),ERROR,concatenate,
mosh,0.0.0,(scheme list),ERROR,append!,
mosh,0.0.0,(scheme list),ERROR,concatenate!,
mosh,0.0.0,(scheme list),ERROR,reverse!,
mosh,0.0.0,(scheme list),ERROR,append-reverse,
mosh,0.0.0,(scheme list),ERROR,append-reverse!,
mosh,0.0.0,(scheme list),ERROR,zip,
mosh,0.0.0,(scheme list),ERROR,unzip1,
mosh,0.0.0,(scheme list),ERROR,unzip2,
mosh,0.0.0,(scheme list),ERROR,unzip3,
mosh,0.0.0,(scheme list),ERROR,unzip4,
mosh,0.0.0,(scheme list),ERROR,unzip5,
mosh,0.0.0,(scheme list),ERROR,count,
mosh,0.0.0,(scheme list),ERROR,fold,
mosh,0.0.0,(scheme list),ERROR,unfold,
mosh,0.0.0,(scheme list),ERROR,pair-fold,
mosh,0.0.0,(scheme list),ERROR,reduce,
mosh,0.0.0,(scheme list),ERROR,fold-right,
mosh,0.0.0,(scheme list),ERROR,unfold-right,
mosh,0.0.0,(scheme list),ERROR,pair-fold-right,
mosh,0.0.0,(scheme list),ERROR,reduce-right,
mosh,0.0.0,(scheme list),ERROR,append-map,
mosh,0.0.0,(scheme list),ERROR,append-map!,
mosh,0.0.0,(scheme list),ERROR,map!,
mosh,0.0.0,(scheme list),ERROR,pair-for-each,
mosh,0.0.0,(scheme list),ERROR,filter-map,
mosh,0.0.0,(scheme list),ERROR,map-in-order,
mosh,0.0.0,(scheme list),ERROR,filter,
mosh,0.0.0,(scheme list),ERROR,partition,
mosh,0.0.0,(scheme list),ERROR,remove,
mosh,0.0.0,(scheme list),ERROR,filter!,
mosh,0.0.0,(scheme list),ERROR,partition!,
mosh,0.0.0,(scheme list),ERROR,remove!,
mosh,0.0.0,(scheme list),ERROR,find,
mosh,0.0.0,(scheme list),ERROR,find-tail,
mosh,0.0.0,(scheme list),ERROR,any,
mosh,0.0.0,(scheme list),ERROR,every,
mosh,0.0.0,(scheme list),ERROR,list-index,
mosh,0.0.0,(scheme list),ERROR,take-while,
mosh,0.0.0,(scheme list),ERROR,drop-while,
mosh,0.0.0,(scheme list),ERROR,take-while!,
mosh,0.0.0,(scheme list),ERROR,span,
mosh,0.0.0,(scheme list),ERROR,break,
mosh,0.0.0,(scheme list),ERROR,span!,
mosh,0.0.0,(scheme list),ERROR,break!,
mosh,0.0.0,(scheme list),ERROR,delete,
mosh,0.0.0,(scheme list),ERROR,delete-duplicates,
mosh,0.0.0,(scheme list),ERROR,delete!,
mosh,0.0.0,(scheme list),ERROR,delete-duplicates!,
mosh,0.0.0,(scheme list),ERROR,alist-cons,
mosh,0.0.0,(scheme list),ERROR,alist-copy,
mosh,0.0.0,(scheme list),ERROR,alist-delete,
mosh,0.0.0,(scheme list),ERROR,alist-delete!,
mosh,0.0.0,(scheme list),ERROR,lset<=,
mosh,0.0.0,(scheme list),ERROR,lset=,
mosh,0.0.0,(scheme list),ERROR,lset-adjoin,
mosh,0.0.0,(scheme list),ERROR,lset-union,
mosh,0.0.0,(scheme list),ERROR,lset-union!,
mosh,0.0.0,(scheme list),ERROR,lset-intersection,
mosh,0.0.0,(scheme list),ERROR,lset-intersection!,
mosh,0.0.0,(scheme list),ERROR,lset-difference,
mosh,0.0.0,(scheme list),ERROR,lset-difference!,
mosh,0.0.0,(scheme list),ERROR,lset-xor,
mosh,0.0.0,(scheme list),ERROR,lset-xor!,
mosh,0.0.0,(scheme list),ERROR,lset-diff+intersection,
mosh,0.0.0,(scheme list),ERROR,lset-diff+intersection!,
mosh,0.0.0,(scheme load),ERROR,load,
mosh,0.0.0,(scheme process-context),ERROR,command-line,
mosh,0.0.0,(scheme process-context),ERROR,emergency-exit,
mosh,0.0.0,(scheme process-context),ERROR,exit,
mosh,0.0.0,(scheme process-context),ERROR,get-environment-variable,
mosh,0.0.0,(scheme process-context),ERROR,get-environment-variables,
mosh,0.0.0,(scheme read),ERROR,read,
mosh,0.0.0,(scheme repl),ERROR,interaction-environment,
mosh,0.0.0,(scheme time),ERROR,current-jiffy,number?
mosh,0.0.0,(scheme time),ERROR,current-jiffy,number?
mosh,0.0.0,(scheme time),ERROR,current-jiffy,not negative?
mosh,0.0.0,(scheme time),ERROR,current-jiffy,integer?
mosh,0.0.0,(scheme time),ERROR,current-second,number?
mosh,0.0.0,(scheme time),ERROR,current-second,inexact?
mosh,0.0.0,(scheme time),ERROR,current-second,correct range
mosh,0.0.0,(scheme time),ERROR,jiffies-per-second,number?
mosh,0.0.0,(scheme time),ERROR,jiffies-per-second,exact?
mosh,0.0.0,(scheme time),ERROR,jiffies-per-second,integer?
mosh,0.0.0,(scheme write),ERROR,display,one argument
mosh,0.0.0,(scheme write),ERROR,display,two arguments
mosh,0.0.0,(scheme write),ERROR,write,one argument
mosh,0.0.0,(scheme write),ERROR,write,two arguments
mosh,0.0.0,(scheme write),ERROR,write-shared,
mosh,0.0.0,(scheme write),ERROR,write-simple,
